$date
	Wed Apr 22 04:03:32 2026
$end
$version
	Icarus Verilog
$end
$timescale
	1ps
$end
$scope module tb_sha256 $end
$var wire 1 ! finish $end
$var wire 256 " digest [255:0] $end
$var reg 512 # block [511:0] $end
$var reg 1 $ clk $end
$var reg 256 % expected [255:0] $end
$var reg 1 & reset $end
$var reg 1 ' start $end
$var integer 32 ( file [31:0] $end
$var integer 32 ) scan_result [31:0] $end
$scope module dut $end
$var wire 512 * block [511:0] $end
$var wire 1 $ clock $end
$var wire 1 & reset $end
$var wire 1 ' start $end
$var wire 32 + temp2 [31:0] $end
$var wire 32 , temp1 [31:0] $end
$var wire 256 - digest [255:0] $end
$var reg 32 . H0 [31:0] $end
$var reg 32 / H1 [31:0] $end
$var reg 32 0 H2 [31:0] $end
$var reg 32 1 H3 [31:0] $end
$var reg 32 2 H4 [31:0] $end
$var reg 32 3 H5 [31:0] $end
$var reg 32 4 H6 [31:0] $end
$var reg 32 5 H7 [31:0] $end
$var reg 32 6 a [31:0] $end
$var reg 32 7 b [31:0] $end
$var reg 32 8 c [31:0] $end
$var reg 32 9 d [31:0] $end
$var reg 32 : e [31:0] $end
$var reg 32 ; f [31:0] $end
$var reg 1 ! finish $end
$var reg 32 < g [31:0] $end
$var reg 32 = h [31:0] $end
$var reg 7 > timer [6:0] $end
$var reg 32 ? w_update [31:0] $end
$scope function S0 $end
$upscope $end
$scope function S1 $end
$upscope $end
$scope function choose $end
$upscope $end
$scope function majority $end
$upscope $end
$scope function rotate_right $end
$upscope $end
$scope function s0 $end
$upscope $end
$scope function s1 $end
$upscope $end
$upscope $end
$upscope $end
$enddefinitions $end
$comment Show the parameter values. $end
$dumpall
$end
#0
$dumpvars
bx ?
b1000001 >
bx =
bx <
bx ;
bx :
bx 9
bx 8
bx 7
bx 6
b1011011111000001100110100011001 5
b11111100000111101100110101011 4
b10011011000001010110100010001100 3
b1010001000011100101001001111111 2
b10100101010011111111010100111010 1
b111100011011101111001101110010 0
b10111011011001111010111010000101 /
b1101010000010011110011001100111 .
b110101000001001111001100110011110111011011001111010111010000101001111000110111011110011011100101010010101001111111101010011101001010001000011100101001001111111100110110000010101101000100011000001111110000011110110011010101101011011111000001100110100011001 -
b0 ,
b0 +
b0 *
bx )
bx (
0'
0&
b0 %
0$
b0 #
b110101000001001111001100110011110111011011001111010111010000101001111000110111011110011011100101010010101001111111101010011101001010001000011100101001001111111100110110000010101101000100011000001111110000011110110011010101101011011111000001100110100011001 "
0!
$end
#5000
1$
#10000
0$
#15000
1$
#20000
0$
1&
#25000
1$
#30000
0&
0$
b10 )
b1101011000100010001010011001011100001001100011000110000101001011011011100011000101100001010100111110111101000010101010011000110000000101100011110100100101110011110101110100001001000111111011100011001010100000110111001011110000000000101101111111101110011100 %
b11110001000011110001100010110111010111111110110110011100111110000101111100000011011101001000100010011100101101100010011111010101110001000101010101101111100111100100000100011011010001100110011110111111110000011111000011110111001011100010010110101111011011011001100011110011000011000100111000111011111101000100010111100010010101010100000101000110110000011010011000101000101101101111110000111001100100001010000111111101101110001100000101110010101110001010000110111001100001001001111111010100011100100111011101001010 #
b11110001000011110001100010110111010111111110110110011100111110000101111100000011011101001000100010011100101101100010011111010101110001000101010101101111100111100100000100011011010001100110011110111111110000011111000011110111001011100010010110101111011011011001100011110011000011000100111000111011111101000100010111100010010101010100000101000110110000011010011000101000101101101111110000111001100100001010000111111101101110001100000101110010101110001010000110111001100001001001111111010100011100100111011101001010 *
b10000000000000000000000000000011 (
#35000
1$
#40000
1&
0$
#45000
1$
#50000
1'
0$
#55000
b11110001000011110001100010110111 ?
b11100100100001110000011000011111 ,
b1000100100001001101011100101 +
b1011011111000001100110100011001 =
b11111100000111101100110101011 <
b10011011000001010110100010001100 ;
b1010001000011100101001001111111 :
b10100101010011111111010100111010 9
b111100011011101111001101110010 8
b10111011011001111010111010000101 7
b1101010000010011110011001100111 6
b0 >
1$
#60000
0'
0$
#65000
b1011000111011100011100101001101 +
b11101010000110111101110000000111 ,
b1011111111011011001110011111000 ?
b1 >
b11101101000101111010000100000100 6
b1101010000010011110011001100111 7
b10111011011001111010111010000101 8
b111100011011101111001101110010 9
b10001001110101101111101101011001 :
b1010001000011100101001001111111 ;
b10011011000001010110100010001100 <
b11111100000111101100110101011 =
1$
#70000
0$
#75000
b11111101010000010111000101001101 +
b1010000001010011111101100111001 ,
b1011111000000110111010010001000 ?
b10 >
b1000011000010100001010101010100 6
b11101101000101111010000100000100 7
b1101010000010011110011001100111 8
b10111011011001111010111010000101 9
b100110100010101100111101111001 :
b10001001110101101111101101011001 ;
b1010001000011100101001001111111 <
b10011011000001010110100010001100 =
1$
#80000
0$
#85000
b10100111111001011100111001010011 +
b1100001011111010001110100001000 ,
b10011100101101100010011111010101 ?
b11 >
b1001101011010110110110010000110 6
b1000011000010100001010101010100 7
b11101101000101111010000100000100 8
b1101010000010011110011001100111 9
b1011100100011010100110111110 :
b100110100010101100111101111001 ;
b10001001110101101111101101011001 <
b1010001000011100101001001111111 =
1$
#90000
0$
#95000
b1011100100110000000101100111010 +
b11001000011000111101010110011000 ,
b11000100010101010110111110011110 ?
b100 >
b1001011000101110101101011011 6
b1001101011010110110110010000110 7
b1000011000010100001010101010100 8
b11101101000101111010000100000100 9
b11001011100001110000001101101111 :
b1011100100011010100110111110 ;
b100110100010101100111101111001 <
b10001001110101101111101101011001 =
1$
#100000
0$
#105000
b1101101100110001000000001001010 +
b1101010000100101011111111101101 ,
b1000001000110110100011001100111 ?
b101 >
b100100111110111110000011010010 6
b1001011000101110101101011011 7
b1001101011010110110110010000110 8
b1000011000010100001010101010100 9
b10110101011110110111011010011100 :
b11001011100001110000001101101111 ;
b1011100100011010100110111110 <
b100110100010101100111101111001 =
1$
#110000
0$
#115000
b1011111010000001001001001011100 +
b1100110000110011110001110100000 ,
b10111111110000011111000011110111 ?
b110 >
b11010111101010110100000000110111 6
b100100111110111110000011010010 7
b1001011000101110101101011011 8
b1001101011010110110110010000110 9
b10101101000111001101010101000001 :
b10110101011110110111011010011100 ;
b11001011100001110000001101101111 <
b1011100100011010100110111110 =
1$
#120000
0$
#125000
b10111101011000101010010110101111 +
b10100110111101111111111011111100 ,
b101110001001011010111101101101 ?
b111 >
b11000101010110100111010111111100 6
b11010111101010110100000000110111 7
b100100111110111110000011010010 8
b1001011000101110101101011011 9
b10110011100001010101000000100110 :
b10101101000111001101010101000001 ;
b10110101011110110111011010011100 <
b11001011100001110000001101101111 =
1$
#130000
0$
#135000
b1011100001110011000101100101101 +
b11100101111001100110110110100 ,
b10011000111100110000110001001110 ?
b1000 >
b1100100010110101010010010101011 6
b11000101010110100111010111111100 7
b11010111101010110100000000110111 8
b100100111110111110000011010010 9
b10110000010110101110101001010111 :
b10110011100001010101000000100110 ;
b10101101000111001101010101000001 <
b10110101011110110111011010011100 =
1$
#140000
0$
#145000
b10100100101100000100100101010010 +
b11000011010011000000011011011001 ,
b111011111101000100010111100010 ?
b1001 >
b1111000111101100101100011100001 6
b1100100010110101010010010101011 7
b11000101010110100111010111111100 8
b11010111101010110100000000110111 9
b1000001101110001010111010000110 :
b10110000010110101110101001010111 ;
b10110011100001010101000000100110 <
b10101101000111001101010101000001 =
1$
#150000
0$
#155000
b1110111000101101011100100010 +
b101001100010111101011010100101 ,
b1010101010000010100011011000001 ?
b1010 >
b1100111111111000101000000101011 6
b1111000111101100101100011100001 7
b1100100010110101010010010101011 8
b11000101010110100111010111111100 9
b10011010111101110100011100010000 :
b1000001101110001010111010000110 ;
b10110000010110101110101001010111 <
b10110011100001010101000000100110 =
1$
#160000
0$
#165000
b10010011100100111100110111001000 +
b10011000001011110001101000101000 ,
b10100110001010001011011011111100 ?
b1011 >
b111000011011101010110111000111 6
b1100111111111000101000000101011 7
b1111000111101100101100011100001 8
b1100100010110101010010010101011 9
b11101110111001100100110010100001 :
b10011010111101110100011100010000 ;
b1000001101110001010111010000110 <
b10110000010110101110101001010111 =
1$
#170000
0$
#175000
b1101010110111010000110100100111 +
b10101110010100001101100110101010 ,
b111001100100001010000111111101 ?
b1100 >
b101011110000101110011111110000 6
b111000011011101010110111000111 7
b1100111111111000101000000101011 8
b1111000111101100101100011100001 9
b11111100100010011011111011010011 :
b11101110111001100100110010100001 ;
b10011010111101110100011100010000 <
b1000001101110001010111010000110 =
1$
#180000
0$
#185000
b110001111101110010010000 +
b10011111100110011001110000101000 ,
b10111000110000010111001010111000 ?
b1101 >
b11001001011011110011011010001 6
b101011110000101110011111110000 7
b111000011011101010110111000111 8
b1100111111111000101000000101011 9
b100111010001110011001010001011 :
b11111100100010011011111011010011 ;
b11101110111001100100110010100001 <
b10011010111101110100011100010000 =
1$
#190000
0$
#195000
b10010001101000011010011010010100 +
b111000000100011001011011111001 ,
b10100001101110011000010010011111 ?
b1110 >
b10100000011000010111100010111000 6
b11001001011011110011011010001 7
b101011110000101110011111110000 8
b111000011011101010110111000111 9
b111100101011110110001010011 :
b100111010001110011001010001011 ;
b11111100100010011011111011010011 <
b11101110111001100100110010100001 =
1$
#200000
0$
#205000
b11011100000101100011001001110101 +
b1110100010011100000111011111111 ,
b11010100011100100111011101001010 ?
b1111 >
b11001001101100110011110110001101 6
b10100000011000010111100010111000 7
b11001001011011110011011010001 8
b101011110000101110011111110000 9
b1110000100000000100010011000000 :
b111100101011110110001010011 ;
b100111010001110011001010001011 <
b11111100100010011011111011010011 =
1$
#210000
0$
#215000
b1001111000111111011101111111010 +
b1011010111010110100011110110001 ,
b10111100011101000010100010000000 ?
b10000 >
b1010000011001000100000101110100 6
b11001001101100110011110110001101 7
b10100000011000010111100010111000 8
b11001001011011110011011010001 9
b10100000000100001111011011101111 :
b1110000100000000100010011000000 ;
b111100101011110110001010011 <
b100111010001110011001010001011 =
1$
#220000
0$
#225000
b10100011111101000011111111000111 +
b11011110000100101101000011011011 ,
b11110001001001001000111110011011 ?
b10001 >
b10101010000010110000001110101011 6
b1010000011001000100000101110100 7
b11001001101100110011110110001101 8
b10100000011000010111100010111000 9
b1110100000110010010111010000010 :
b10100000000100001111011011101111 ;
b1110000100000000100010011000000 <
b111100101011110110001010011 =
1$
#230000
0$
#235000
b10111011110111100101111110111010 +
b10000010000010111100011101011110 ,
b11001000000001100100111111011010 ?
b10010 >
b10000010000001110001000010100010 6
b10101010000010110000001110101011 7
b1010000011001000100000101110100 8
b11001001101100110011110110001101 9
b1111110011101000100100110010011 :
b1110100000110010010111010000010 ;
b10100000000100001111011011101111 <
b1110000100000000100010011000000 =
1$
#240000
0$
#245000
b1001001001100100000101000001010 +
b1011101010001110001000100110100 ,
b101011001011110100111110100000 ?
b10011 >
b111101111010100010011100011000 6
b10000010000001110001000010100010 7
b10101010000010110000001110101011 8
b1010000011001000100000101110100 9
b1001011101111110000010011101011 :
b1111110011101000100100110010011 ;
b1110100000110010010111010000010 <
b10100000000100001111011011101111 =
1$
#250000
0$
#255000
b111010011100101010001011011000 +
b10100010011111110101111000001110 ,
b10000010011100111010110011101100 ?
b10100 >
b10100110011110010001101100111110 6
b111101111010100010011100011000 7
b10000010000001110001000010100010 8
b10101010000010110000001110101011 9
b10101101101010110101001010101000 :
b1001011101111110000010011101011 ;
b1111110011101000100100110010011 <
b1110100000110010010111010000010 =
1$
#260000
0$
#265000
b110101000001000000000000011000 +
b100101100100010110111111001001 ,
b10110101101111011111100000110110 ?
b10101 >
b11011100111100100000000011100110 6
b10100110011110010001101100111110 7
b111101111010100010011100011000 8
b10000010000001110001000010100010 9
b1001100100010100110000110111001 :
b10101101101010110101001010101000 ;
b1001011101111110000010011101011 <
b1111110011101000100100110010011 =
1$
#270000
0$
#275000
b1011011000000010001011000011111 +
b10001000010010001000101001001 ,
b11101100010000110110101100010111 ?
b10110 >
b1011010100101010110111111100001 6
b11011100111100100000000011100110 7
b10100110011110010001101100111110 8
b111101111010100010011100011000 9
b10100111100110001000000001101011 :
b1001100100010100110000110111001 ;
b10101101101010110101001010101000 <
b1001011101111110000010011101011 =
1$
#280000
0$
#285000
b1100101011011100111000000011011 +
b10010110110100100001110001001101 ,
b1111011000001101101110010110001 ?
b10111 >
b1101100000010100010011101101000 6
b1011010100101010110111111100001 7
b11011100111100100000000011100110 8
b10100110011110010001101100111110 9
b1001110111100110011100001100001 :
b10100111100110001000000001101011 ;
b1001100100010100110000110111001 <
b10101101101010110101001010101000 =
1$
#290000
0$
#295000
b11011010011001101001001001010111 +
b100001000000010100100110111000 ,
b110101010110111010011000100110 ?
b11000 >
b11111100010000001000110001101000 6
b1101100000010100010011101101000 7
b1011010100101010110111111100001 8
b11011100111100100000000011100110 9
b111101010010110011011110001011 :
b1001110111100110011100001100001 ;
b10100111100110001000000001101011 <
b1001100100010100110000110111001 =
1$
#300000
0$
#305000
b1111110000110001010000000111000 +
b11110100000110001001111000010101 ,
b10010011011111011110100000010101 ?
b11001 >
b11111011011001111101110000001111 6
b11111100010000001000110001101000 7
b1101100000010100010011101101000 8
b1011010100101010110111111100001 9
b11111101111100110100101010011110 :
b111101010010110011011110001011 ;
b1001110111100110011100001100001 <
b10100111100110001000000001101011 =
1$
#310000
0$
#315000
b1100100100000001000100000011111 +
b10010110010100001100000100100001 ,
b11101000100000011000111110001000 ?
b11010 >
b1110010001100010011111001001101 6
b11111011011001111101110000001111 7
b11111100010000001000110001101000 8
b1101100000010100010011101101000 9
b1001110101011100000110111110110 :
b11111101111100110100101010011110 ;
b111101010010110011011110001011 <
b1001110111100110011100001100001 =
1$
#320000
0$
#325000
b101100000001111110001101111110 +
b1011011101101001010101000010001 ,
b1000111000001111000001110101011 ?
b11011 >
b11111010110100010100100101000000 6
b1110010001100010011111001001101 7
b11111011011001111101110000001111 8
b11111100010000001000110001101000 9
b10010110101110100010001001 :
b1001110101011100000110111110110 ;
b11111101111100110100101010011110 <
b111101010010110011011110001011 =
1$
#330000
0$
#335000
b1110010010101100010110111100110 +
b11000000010000001111110011011100 ,
b100000001001010110010111101000 ?
b11100 >
b10000111101111001000110110001111 6
b11111010110100010100100101000000 7
b1110010001100010011111001001101 8
b11111011011001111101110000001111 9
b1010111111101010011011001111001 :
b10010110101110100010001001 ;
b1001110101011100000110111110110 <
b11111101111100110100101010011110 =
1$
#340000
0$
#345000
b111000101101000110000010000101 +
b11000001010001110000011110010001 ,
b100001000010011001010001000110 ?
b11101 >
b110010100101110010101011000010 6
b10000111101111001000110110001111 7
b11111010110100010100100101000000 8
b1110010001100010011111001001101 9
b10111011101010001101100011101011 :
b1010111111101010011011001111001 ;
b10010110101110100010001001 <
b1001110101011100000110111110110 =
1$
#350000
0$
#355000
b11000111001010000111011010111111 +
b1001101111100011011110110000101 ,
b1001101111101011001110110111010 ?
b11110 >
b11111001111110110110100000010110 6
b110010100101110010101011000010 7
b10000111101111001000110110001111 8
b11111010110100010100100101000000 9
b110011011110000100010111011110 :
b10111011101010001101100011101011 ;
b1010111111101010011011001111001 <
b10010110101110100010001001 =
1$
#360000
0$
#365000
b1010100100101110111011010 +
b11101010110110001010101000111001 ,
b11111010001111111011010001100 ?
b11111 >
b10101000110100011010001000100 6
b11111001111110110110100000010110 7
b110010100101110010101011000010 8
b10000111101111001000110110001111 9
b1001000110000110000011011000101 :
b110011011110000100010111011110 ;
b10111011101010001101100011101011 <
b1010111111101010011011001111001 =
1$
#370000
0$
#375000
b10100111100010001010100000010 +
b10001111001101000101001111100011 ,
b11010111100010110100011101011101 ?
b100000 >
b11101100001010110000100000010011 6
b10101000110100011010001000100 7
b11111001111110110110100000010110 8
b110010100101110010101011000010 9
b1110010100101010011011111001000 :
b1001000110000110000011011000101 ;
b110011011110000100010111011110 <
b10111011101010001101100011101011 =
1$
#380000
0$
#385000
b1011111101100110001010111000111 +
b1101110101100011101100010001001 ,
b11110100111001111010000111110 ?
b100001 >
b10100100001001010110100011100101 6
b11101100001010110000100000010011 7
b10101000110100011010001000100 8
b11111001111110110110100000010110 9
b11000001110010110111111010100101 :
b1110010100101010011011111001000 ;
b1001000110000110000011011000101 <
b110011011110000100010111011110 =
1$
#390000
0$
#395000
b10111110110010110111001111011011 +
b10010010110100110010000010101110 ,
b1110001010110100100010100001010 ?
b100010 >
b11001110011001001110111001010000 6
b10100100001001010110100011100101 7
b11101100001010110000100000010011 8
b10101000110100011010001000100 9
b1101000101011010100000010011111 :
b11000001110010110111111010100101 ;
b1110010100101010011011111001000 <
b1001000110000110000011011000101 =
1$
#400000
0$
#405000
b1001110101000111111100101010001 +
b11011010000111011010010011100 ,
b1010010011001011101001110000000 ?
b100011 >
b1010001100111101001010010001001 6
b11001110011001001110111001010000 7
b10100100001001010110100011100101 8
b11101100001010110000100000010011 9
b10100111111011010101010011110010 :
b1101000101011010100000010011111 ;
b11000001110010110111111010100101 <
b1110010100101010011011111001000 =
1$
#410000
0$
#415000
b11110101100010111011111010101010 +
b1001000111011010001001000110011 ,
b10011100001101100101011100010 ?
b100100 >
b1101001111001111010110111101101 6
b1010001100111101001010010001001 7
b11001110011001001110111001010000 8
b10100100001001010110100011100101 9
b111011011101011110010101111 :
b10100111111011010101010011110010 ;
b1101000101011010100000010011111 <
b11000001110010110111111010100101 =
1$
#420000
0$
#425000
b10100100001100110100011111010101 +
b10110000100010000101000010110111 ,
b111111111011010110000010011110 ?
b100101 >
b111110011110001101000011011101 6
b1101001111001111010110111101101 7
b1010001100111101001010010001001 8
b11001110011001001110111001010000 9
b11101101000100100111101100011000 :
b111011011101011110010101111 ;
b10100111111011010101010011110010 <
b1101000101011010100000010011111 =
1$
#430000
0$
#435000
b10111100001010100000101101111010 +
b11000100101011100101100100111110 ,
b10100010011011111001010010010010 ?
b100110 >
b1010100101110111001100010001100 6
b111110011110001101000011011101 7
b1101001111001111010110111101101 8
b1010001100111101001010010001001 9
b1111110111011010011111100000111 :
b11101101000100100111101100011000 ;
b111011011101011110010101111 <
b10100111111011010101010011110010 =
1$
#440000
0$
#445000
b1111001010110011100111010001010 +
b101110001110011101100000110011 ,
b10010001011011001011000111111 ?
b100111 >
b10000000110110000110010010111000 6
b1010100101110111001100010001100 7
b111110011110001101000011011101 8
b1101001111001111010110111101101 9
b10110010011001110110111000111 :
b1111110111011010011111100000111 ;
b11101101000100100111101100011000 <
b111011011101011110010101111 =
1$
#450000
0$
#455000
b10010111001011101100100001101000 +
b101101100010000000111000110100 ,
b11010000001110000101101100010000 ?
b101000 >
b10100111100100111010011010111101 6
b10000000110110000110010010111000 7
b1010100101110111001100010001100 8
b111110011110001101000011011101 9
b10011000001000011000011000100000 :
b10110010011001110110111000111 ;
b1111110111011010011111100000111 <
b11101101000100100111101100011000 =
1$
#460000
0$
#465000
b11100011001001001100100110111111 +
b11010111000111100110111000001100 ,
b11101101110110000001011000100011 ?
b101001 >
b11000100101101101101011010011100 6
b10100111100100111010011010111101 7
b10000000110110000110010010111000 8
b1010100101110111001100010001100 9
b1101100000000001101111100010001 :
b10011000001000011000011000100000 ;
b10110010011001110110111000111 <
b1111110111011010011111100000111 =
1$
#470000
0$
#475000
b10101001011110011110011111 +
b1111101011010110110001111110 ,
b100000010010100000110111001000 ?
b101010 >
b10111010010000110011011111001011 6
b11000100101101101101011010011100 7
b10100111100100111010011010111101 8
b10000000110110000110010010111000 9
b101011110110100000011010011000 :
b1101100000000001101111100010001 ;
b10011000001000011000011000100000 <
b10110010011001110110111000111 =
1$
#480000
0$
#485000
b111011011111111000101001110001 +
b1111100010000101011110011101000 ,
b11110001101111000011101001011110 ?
b101011 >
b10010010100110101010000011101 6
b10111010010000110011011111001011 7
b11000100101101101101011010011100 8
b10100111100100111010011010111101 9
b10010000100001011101000100110110 :
b101011110110100000011010011000 ;
b1101100000000001101111100010001 <
b10011000001000011000011000100000 =
1$
#490000
0$
#495000
b10000011000111010000001110100 +
b11100110000101010111010101010000 ,
b10010100110110100111011100010111 ?
b101100 >
b10110111110000100100011101011001 6
b10010010100110101010000011101 7
b10111010010000110011011111001011 8
b11000100101101101101011010011100 9
b100011110101100110001110100101 :
b10010000100001011101000100110110 ;
b101011110110100000011010011000 <
b1101100000000001101111100010001 =
1$
#500000
0$
#505000
b101110010000100011101010111101 +
b1010110011100100011111000010101 ,
b1111000000111011011111010110000 ?
b101101 >
b11110110011110010001010111000100 6
b10110111110000100100011101011001 7
b10010010100110101010000011101 8
b10111010010000110011011111001011 9
b10101010110011000100101111101100 :
b100011110101100110001110100101 ;
b10010000100001011101000100110110 <
b101011110110100000011010011000 =
1$
#510000
0$
#515000
b1101101010010101100011101010101 +
b11001011001110010011011101100010 ,
b10111011111001001011100101010001 ?
b101110 >
b10000100101101000111100011010010 6
b11110110011110010001010111000100 7
b10110111110000100100011101011001 8
b10010010100110101010000011101 9
b10000101101010111010111100000 :
b10101010110011000100101111101100 ;
b100011110101100110001110100101 <
b10010000100001011101000100110110 =
1$
#520000
0$
#525000
b11101001000101010110010000100110 +
b10000110011001110001001111001100 ,
b11001000100110011001000110000101 ?
b101111 >
b111000100000111111111010110111 6
b10000100101101000111100011010010 7
b11110110011110010001010111000100 8
b10110111110000100100011101011001 9
b11011101100011001000101101111111 :
b10000101101010111010111100000 ;
b10101010110011000100101111101100 <
b100011110101100110001110100101 =
1$
#530000
0$
#535000
b10010010000010111010010100 +
b10011001111100001100000110100111 ,
b11010011111100001001000111101000 ?
b110000 >
b1101111011111000111011111110010 6
b111000100000111111111010110111 7
b10000100101101000111100011010010 8
b11110110011110010001010111000100 9
b111110001010010101101100100101 :
b11011101100011001000101101111111 ;
b10000101101010111010111100000 <
b10101010110011000100101111101100 =
1$
#540000
0$
#545000
b11000001010010110010101001101100 +
b11001001101001010011101010001010 ,
b11000101001100101101110110111110 ?
b110001 >
b10011100001110001111000000111011 6
b1101111011111000111011111110010 7
b111000100000111111111010110111 8
b10000100101101000111100011010010 9
b10010000011010011101011101101011 :
b111110001010010101101100100101 ;
b11011101100011001000101101111111 <
b10000101101010111010111100000 =
1$
#550000
0$
#555000
b11010011000101000000100110000111 +
b10100111110001000101011001101000 ,
b111100000111000111010001011000 ?
b110010 >
b10001010111100000110010011110110 6
b10011100001110001111000000111011 7
b1101111011111000111011111110010 8
b111000100000111111111010110111 9
b1001110010110011011001101011100 :
b10010000011010011101011101101011 ;
b111110001010010101101100100101 <
b11011101100011001000101101111111 =
1$
#560000
0$
#565000
b11011011101010101111000111010001 +
b1001101001001001110010001001011 ,
b10010001100010011001000101000111 ?
b110011 >
b1111010110110000101111111101111 6
b10001010111100000110010011110110 7
b10011100001110001111000000111011 8
b1101111011111000111011111110010 9
b11100000010010000101010100011111 :
b1001110010110011011001101011100 ;
b10010000011010011101011101101011 <
b111110001010010101101100100101 =
1$
#570000
0$
#575000
b10110000011000110001101001011000 +
b1110001101111001000110001001011 ,
b10100011111100101010000101001011 ?
b110100 >
b101000110011111101011000011100 6
b1111010110110000101111111101111 7
b10001010111100000110010011110110 8
b10011100001110001111000000111011 9
b10111100101000010101110000111101 :
b11100000010010000101010100011111 ;
b1001110010110011011001101011100 <
b10010000011010011101011101101011 =
1$
#580000
0$
#585000
b10101101111001000100110010001100 +
b11000110110100101101101010111110 ,
b11001010101011101111011110100000 ?
b110101 >
b100010000111111010011010100011 6
b101000110011111101011000011100 7
b1111010110110000101111111101111 8
b10001010111100000110010011110110 9
b1101111101010111110010000110 :
b10111100101000010101110000111101 ;
b11100000010010000101010100011111 <
b1001110010110011011001101011100 =
1$
#590000
0$
#595000
b10011100100000101110101111000011 +
b111001101101010011011101010010 ,
b10001001100110111010110010100110 ?
b110110 >
b1110100101101110010011101001010 6
b100010000111111010011010100011 7
b101000110011111101011000011100 8
b1111010110110000101111111101111 9
b1010001110000110011111110110100 :
b1101111101010111110010000110 ;
b10111100101000010101110000111101 <
b11100000010010000101010100011111 =
1$
#600000
0$
#605000
b11111011000001010101011111 +
b10011111100010001010001010101011 ,
b10111000100110000100111111000000 ?
b110111 >
b11010110001110000010001100010101 6
b1110100101101110010011101001010 7
b100010000111111010011010100011 8
b101000110011111101011000011100 9
b10110100100011011001011101000001 :
b1010001110000110011111110110100 ;
b1101111101010111110010000110 <
b10111100101000010101110000111101 =
1$
#610000
0$
#615000
b10110000100111000100001000110100 +
b11011001001011011001010101101110 ,
b10011001001110010111010110000001 ?
b111000 >
b10100011011101001011100000001010 6
b11010110001110000010001100010101 7
b1110100101101110010011101001010 8
b100010000111111010011010100011 9
b11001000010110000111100011000111 :
b10110100100011011001011101000001 ;
b1010001110000110011111110110100 <
b1101111101010111110010000110 =
1$
#620000
0$
#625000
b10111011101100010110010010000011 +
b1101001111001001000100110000101 ,
b1101111011001101101010101110111 ?
b111001 >
b10001001110010011101011110100010 6
b10100011011101001011100000001010 7
b11010110001110000010001100010101 8
b1110100101101110010011101001010 9
b11111011010011010011110000010001 :
b11001000010110000111100011000111 ;
b10110100100011011001011101000001 <
b1010001110000110011111110110100 =
1$
#630000
0$
#635000
b11010000011100100111010111000101 +
b1110010011001101111010111110101 ,
b11110011011011011001010001000101 ?
b111010 >
b100101100101011110111000001000 6
b10001001110010011101011110100010 7
b10100011011101001011100000001010 8
b11010110001110000010001100010101 9
b11011110100110111011000011001111 :
b11111011010011010011110000010001 ;
b11001000010110000111100011000111 <
b10110100100011011001011101000001 =
1$
#640000
0$
#645000
b10101010101001001001010011011000 +
b1111111000101110001100001011010 ,
b11100110001101000111111011001101 ?
b111011 >
b1000010110110010110101110111010 6
b100101100101011110111000001000 7
b10001001110010011101011110100010 8
b10100011011101001011100000001010 9
b1001000100111110001100100001010 :
b11011110100110111011000011001111 ;
b11111011010011010011110000010001 <
b11001000010110000111100011000111 =
1$
#650000
0$
#655000
b101110111001010101110101110001 +
b11011000011010101011011100001 ,
b11011000011111111001111000100001 ?
b111100 >
b101001101110111010110100110010 6
b1000010110110010110101110111010 7
b100101100101011110111000001000 8
b10001001110010011101011110100010 9
b100010100010111101000001100100 :
b1001000100111110001100100001010 ;
b11011110100110111011000011001111 <
b11111011010011010011110000010001 =
1$
#660000
0$
#665000
b1000100001110110101100011011000 +
b11101101100001110001010100001001 ,
b1001100100111110101111010111010 ?
b111101 >
b1001001111100101011010001010010 6
b101001101110111010110100110010 7
b1000010110110010110101110111010 8
b100101100101011110111000001000 9
b10100100110101110010111010000011 :
b100010100010111101000001100100 ;
b1001000100111110001100100001010 <
b11011110100110111011000011001111 =
1$
#670000
0$
#675000
b1010100110000010011111100011110 +
b11111001011000110111001110101000 ,
b101000010000110100010100011101 ?
b111110 >
b110001110000100110110111100001 6
b1001001111100101011010001010010 7
b101001101110111010110100110010 8
b1000010110110010110101110111010 9
b10011000111010000001100010001 :
b10100100110101110010111010000011 ;
b100010100010111101000001100100 <
b1001000100111110001100100001010 =
1$
#680000
0$
#685000
b11100001010100101111100101101110 +
b10001010110001010100100111000010 ,
b10010110000100000001011011110011 ?
b111111 >
b1001110001001001011001011000110 6
b110001110000100110110111100001 7
b1001001111100101011010001010010 8
b101001101110111010110100110010 9
b111100001111001101111101100010 :
b10011000111010000001100010001 ;
b10100100110101110010111010000011 <
b100010100010111101000001100100 =
1$
#690000
0$
#695000
b0 +
b0 ,
b11011111110000100001100010010111 ?
b1000000 >
b1101100000110000100001100110000 6
b1001110001001001011001011000110 7
b110001110000100110110111100001 8
b1001001111100101011010001010010 9
b10110100100000001111011011110100 :
b111100001111001101111101100010 ;
b10011000111010000001100010001 <
b10100100110101110010111010000011 =
1$
#700000
0$
#705000
b1101101000100000110100100110110 ?
b1000001 >
1!
b101101111111101110011100 5
b110010101000001101110010111100 4
b11010111010000100100011111101110 3
b101100011110100100101110011 2
b11101111010000101010100110001100 1
b1101110001100010110000101010011 0
b1001100011000110000101001011 /
b1101011000100010001010011001011100001001100011000110000101001011011011100011000101100001010100111110111101000010101010011000110000000101100011110100100101110011110101110100001001000111111011100011001010100000110111001011110000000000101101111111101110011100 "
b1101011000100010001010011001011100001001100011000110000101001011011011100011000101100001010100111110111101000010101010011000110000000101100011110100100101110011110101110100001001000111111011100011001010100000110111001011110000000000101101111111101110011100 -
b11010110001000100010100110010111 .
1$
#710000
0$
#715000
b1001001101010001110101011000100010110100001101011110111111010011111101101011001110011001111011111110111001000001111011011100110001100111101011011010001110101111000111111111000111000110100010001001100100011001011011101001101000101110011111110101000110101111 %
b101101101110111001011010011111101011101101111110101100011101110100001111010111100010111100101111110111011100001010001111011011110100110001111111010100111111101110111101100001101110001100101110000100010010010110011100111100101001101000100011001011000010000101110111110001001011000010101010011110001001010101110100010110111010100001010100110000111101010011100110110110000111001111010101011110011011111010001111001100010110101100000000000011111000001000000110110000010100011010111100001100101010010010010000000 #
b101101101110111001011010011111101011101101111110101100011101110100001111010111100010111100101111110111011100001010001111011011110100110001111111010100111111101110111101100001101110001100101110000100010010010110011100111100101001101000100011001011000010000101110111110001001011000010101010011110001001010101110100010110111010100001010100110000111101010011100110110110000111001111010101011110011011111010001111001100010110101100000000000011111000001000000110110000010100011010111100001100101010010010010000000 *
1$
#720000
b1011011111000001100110100011001 5
b11111100000111101100110101011 4
b10011011000001010110100010001100 3
b1010001000011100101001001111111 2
b10100101010011111111010100111010 1
b111100011011101111001101110010 0
b10111011011001111010111010000101 /
b110101000001001111001100110011110111011011001111010111010000101001111000110111011110011011100101010010101001111111101010011101001010001000011100101001001111111100110110000010101101000100011000001111110000011110110011010101101011011111000001100110100011001 "
b110101000001001111001100110011110111011011001111010111010000101001111000110111011110011011100101010010101001111111101010011101001010001000011100101001001111111100110110000010101101000100011000001111110000011110110011010101101011011111000001100110100011001 -
b1101010000010011110011001100111 .
0!
0&
0$
#725000
1$
#730000
1&
0$
#735000
1$
#740000
1'
0$
#745000
b101101101110111001011010011 ?
b11111001001011110110000000111011 ,
b1000100100001001101011100101 +
b1011011111000001100110100011001 =
b11111100000111101100110101011 <
b10011011000001010110100010001100 ;
b1010001000011100101001001111111 :
b10100101010011111111010100111010 9
b111100011011101111001101110010 8
b10111011011001111010111010000101 7
b1101010000010011110011001100111 6
b0 >
1$
#750000
0'
0$
#755000
b1010001101100110110000101010110 +
b11011111000001100001010100110111 ,
b11110101110110111111010110001110 ?
b1 >
b1101111111111101100100000 6
b1101010000010011110011001100111 7
b10111011011001111010111010000101 8
b111100011011101111001101110010 9
b10011110011111110101010101110101 :
b1010001000011100101001001111111 ;
b10011011000001010110100010001100 <
b11111100000111101100110101011 =
1$
#760000
0$
#765000
b111110010101111110001011001111 +
b10011111100010111001011001011001 ,
b11101000011110101111000101111001 ?
b10 >
b110000101110010111011010001101 6
b1101111111111101100100000 7
b1101010000010011110011001100111 8
b10111011011001111010111010000101 9
b11011011101010000100010101001 :
b10011110011111110101010101110101 ;
b1010001000011100101001001111111 <
b10011011000001010110100010001100 =
1$
#770000
0$
#775000
b10000101100101100000110101001110 +
b11110011001100100101000010011110 ,
b1111110111011100001010001111011 ?
b11 >
b11011101111000110111100100101000 6
b110000101110010111011010001101 7
b1101111111111101100100000 8
b1101010000010011110011001100111 9
b1011010111100110100010011011110 :
b11011011101010000100010101001 ;
b10011110011111110101010101110101 <
b1010001000011100101001001111111 =
1$
#780000
0$
#785000
b1001001000011111101111010000110 +
b11000011011111111010100001111 ,
b1111010011000111111101010011111 ?
b100 >
b1111000110010000101110111101100 6
b11011101111000110111100100101000 7
b110000101110010111011010001101 8
b1101111111111101100100000 9
b1011101001111000011011100000101 :
b1011010111100110100010011011110 ;
b11011011101010000100010101001 <
b10011110011111110101010101110101 =
1$
#790000
0$
#795000
b10110101101001100000010001001010 +
b1011010110000100111010000111011 ,
b11011101111011000011011100011001 ?
b101 >
b1100001011111111101001110010101 6
b1111000110010000101110111101100 7
b11011101111000110111100100101000 8
b110000101110010111011010001101 9
b11010001011111111000000101111 :
b1011101001111000011011100000101 ;
b1011010111100110100010011011110 <
b11011011101010000100010101001 =
1$
#800000
0$
#805000
b10010010001110001110001010101000 +
b10000010101101011100111000001001 ,
b1110000100010010010110011100111 ?
b110 >
b10000011010000111100010000101 6
b1100001011111111101001110010101 7
b1111000110010000101110111101100 8
b11011101111000110111100100101000 9
b10001011011110111110101011001000 :
b11010001011111111000000101111 ;
b1011101001111000011011100000101 <
b1011010111100110100010011011110 =
1$
#810000
0$
#815000
b10001010111000001011111110011111 +
b100110011101111000111111001101 ,
b10010100110100010001100101100001 ?
b111 >
b10100111011101011000010110001 6
b10000011010000111100010000101 7
b1100001011111111101001110010101 8
b1111000110010000101110111101100 9
b1100000100110010100011100110001 :
b10001011011110111110101011001000 ;
b11010001011111111000000101111 <
b1011101001111000011011100000101 =
1$
#820000
0$
#825000
b1000110011101101010010010000001 +
b11001101000010001100110001000001 ,
b1011101111100010010110000101 ?
b1000 >
b10110001010110000100111101101100 6
b10100111011101011000010110001 7
b10000011010000111100010000101 8
b1100001011111111101001110010101 9
b10011111001111111110110110111001 :
b1100000100110010100011100110001 ;
b10001011011110111110101011001000 <
b11010001011111111000000101111 =
1$
#830000
0$
#835000
b10000100010101100000001100110 +
b100110000011011101011110010111 ,
b1010011110001001010101110100010 ?
b1001 >
b10011011111110111000011000010 6
b10110001010110000100111101101100 7
b10100111011101011000010110001 8
b10000011010000111100010000101 9
b101110100010001001111111010110 :
b10011111001111111110110110111001 ;
b1100000100110010100011100110001 <
b10001011011110111110101011001000 =
1$
#840000
0$
#845000
b11000011011010001011110111001101 +
b1011001100011100100101001010011 ,
b11011101010000101010011000011110 ?
b1010 >
b110110100110001001011111111101 6
b10011011111110111000011000010 7
b10110001010110000100111101101100 8
b10100111011101011000010110001 9
b110110011101100101000000011100 :
b101110100010001001111111010110 ;
b10011111001111111110110110111001 <
b1100000100110010100011100110001 =
1$
#850000
0$
#855000
b10110001000111001011011010100011 +
b10001110000010100001000110100 ,
b10100111001101101100001110011110 ?
b1011 >
b11100111101110000100000100000 6
b110110100110001001011111111101 7
b10011011111110111000011000010 8
b10110001010110000100111101101100 9
b1101110011111001111101100000100 :
b110110011101100101000000011100 ;
b101110100010001001111111010110 <
b10011111001111111110110110111001 =
1$
#860000
0$
#865000
b1011000110001111101000011000110 +
b11111111011100001001011111110100 ,
b10101011110011011111010001111001 ?
b1100 >
b11000010110111011111100011010111 6
b11100111101110000100000100000 7
b110110100110001001011111111101 8
b10011011111110111000011000010 9
b11000011000110011001000110100000 :
b1101110011111001111101100000100 ;
b110110011101100101000000011100 <
b101110100010001001111111010110 =
1$
#870000
0$
#875000
b10001011011110111001101100111111 +
b1100111010101111011101101100000 ,
b10001011010110000000000001111100 ?
b1101 >
b1011000001110000110100010111010 6
b11000010110111011111100011010111 7
b11100111101110000100000100000 8
b110110100110001001011111111101 9
b10010111100000000100010110110 :
b11000011000110011001000110100000 ;
b1101110011111001111101100000100 <
b110110011101100101000000011100 =
1$
#880000
0$
#885000
b11010111111010101011010110010101 +
b1010011011101100101111000011101 ,
b10000001101100000101000110101 ?
b1110 >
b11110010110100110101011010011111 6
b1011000001110000110100010111010 7
b11000010110111011111100011010111 8
b11100111101110000100000100000 9
b10011101111100000101001101011101 :
b10010111100000000100010110110 ;
b11000011000110011001000110100000 <
b1101110011111001111101100000100 =
1$
#890000
0$
#895000
b1101011110010010101000000011 +
b1111110000101111001100010111111 ,
b11100001100101010010010010000000 ?
b1111 >
b101011011000010001001110110010 6
b11110010110100110101011010011111 7
b1011000001110000110100010111010 8
b11000010110111011111100011010111 9
b1110000011011010110011000111101 :
b10011101111100000101001101011101 ;
b10010111100000000100010110110 <
b11000011000110011001000110100000 =
1$
#900000
0$
#905000
b10100011110011001011100010101010 +
b1111110110111001011101000 ,
b11100000001111011101001000000 ?
b10000 >
b10001011100100001100001011000010 6
b101011011000010001001110110010 7
b11110010110100110101011010011111 8
b1011000001110000110100010111010 9
b1000000111101011001000110010110 :
b1110000011011010110011000111101 ;
b10011101111100000101001101011101 <
b10010111100000000100010110110 =
1$
#910000
0$
#915000
b10000001000010010111000111000100 +
b101111100000110001111111101010 ,
b1011100100010000111011100110000 ?
b10001 >
b10100101110010000010101110010010 6
b10001011100100001100001011000010 7
b101011011000010001001110110010 8
b11110010110100110101011010011111 9
b1011010001100111101101110100010 :
b1000000111101011001000110010110 ;
b1110000011011010110011000111101 <
b10011101111100000101001101011101 =
1$
#920000
0$
#925000
b10110100100110001001111001001111 +
b11010111110110001011000110111110 ,
b110110010111111000001010100000 ?
b10010 >
b10110000100011001001000110101110 6
b10100101110010000010101110010010 7
b10001011100100001100001011000010 8
b101011011000010001001110110010 9
b100010010101100111011010001001 :
b1011010001100111101101110100010 ;
b1000000111101011001000110010110 <
b1110000011011010110011000111101 =
1$
#930000
0$
#935000
b11001010111110000001001101000110 +
b11100001010001110100000100001010 ,
b101111010001000111011011111010 ?
b10011 >
b10001100011100010101000000001101 6
b10110000100011001001000110101110 7
b10100101110010000010101110010010 8
b10001011100100001100001011000010 9
b11001110011100010101110000 :
b100010010101100111011010001001 ;
b1011010001100111101101110100010 <
b1000000111101011001000110010110 =
1$
#940000
0$
#945000
b100001000110010100011001101010 +
b1011000000000100100110100000 ,
b1011100100001011010111100010101 ?
b10100 >
b10101100001111110101010001010000 6
b10001100011100010101000000001101 7
b10110000100011001001000110101110 8
b10100101110010000010101110010010 9
b1101100110110000000001111001100 :
b11001110011100010101110000 ;
b100010010101100111011010001001 <
b1011010001100111101101110100010 =
1$
#950000
0$
#955000
b11001010100000111110010000110 +
b11001001000010011100111010000001 ,
b101111100101011011000010001100 ?
b10101 >
b101100000110011001000000001010 6
b10101100001111110101010001010000 7
b10001100011100010101000000001101 8
b10110000100011001001000110101110 9
b10110000110010000111010100110010 :
b1101100110110000000001111001100 ;
b11001110011100010101110000 <
b100010010101100111011010001001 =
1$
#960000
0$
#965000
b1110101101000001110111110011100 +
b1010100011101011010101001101000 ,
b1001100100010010101101001001010 ?
b10110 >
b11100010010110100100101100000111 6
b101100000110011001000000001010 7
b10101100001111110101010001010000 8
b10001100011100010101000000001101 9
b1111001100101100110000000101111 :
b10110000110010000111010100110010 ;
b1101100110110000000001111001100 <
b11001110011100010101110000 =
1$
#970000
0$
#975000
b10100010111001100111111100100011 +
b11011111110110011111010010011100 ,
b10100001001101110100010100001001 ?
b10111 >
b11001010000101101001101000000100 6
b11100010010110100100101100000111 7
b101100000110011001000000001010 8
b10101100001111110101010001010000 9
b11100000111001101111101001110101 :
b1111001100101100110000000101111 ;
b10110000110010000111010100110010 <
b1101100110110000000001111001100 =
1$
#980000
0$
#985000
b111110110101010100111111101110 +
b110000100100000011001001000001 ,
b1010010111111010111001100001010 ?
b11000 >
b10000010110000000111001110111111 6
b11001010000101101001101000000100 7
b11100010010110100100101100000111 8
b101100000110011001000000001010 9
b10001100000110010100100011101100 :
b11100000111001101111101001110101 ;
b1111001100101100110000000101111 <
b10110000110010000111010100110010 =
1$
#990000
0$
#995000
b100110111011110011100001001001 +
b1100010110101101111010101000100 ,
b1100011110001110011111010001101 ?
b11001 >
b1101111011001011000001000101111 6
b10000010110000000111001110111111 7
b11001010000101101001101000000100 8
b11100010010110100100101100000111 9
b1011100101010011100001001001011 :
b10001100000110010100100011101100 ;
b11100000111001101111101001110101 <
b1111001100101100110000000101111 =
1$
#1000000
0$
#1005000
b10100010011100000001011100100100 +
b11010111101101101100011110000101 ,
b10111101110001110001010111001110 ?
b11010 >
b10001001110001100010110110001101 6
b1101111011001011000001000101111 7
b10000010110000000111001110111111 8
b11001010000101101001101000000100 9
b1000101001100010100000001001011 :
b1011100101010011100001001001011 ;
b10001100000110010100100011101100 <
b11100000111001101111101001110101 =
1$
#1010000
0$
#1015000
b10011100000111110101001000100001 +
b10110001000101010000001010010011 ,
b10111011111001010111010011011 ?
b11011 >
b1111010001001101101111010101001 6
b10001001110001100010110110001101 7
b1101111011001011000001000101111 8
b10000010110000000111001110111111 9
b10100001110011010110000110001001 :
b1000101001100010100000001001011 ;
b1011100101010011100001001001011 <
b10001100000110010100100011101100 =
1$
#1020000
0$
#1025000
b10110000111001000000101001101000 +
b11101110110010110010100110001 ,
b101100001110000011000001111100 ?
b11100 >
b1001101001101000101010010110100 6
b1111010001001101101111010101001 7
b10001001110001100010110110001101 8
b1101111011001011000001000101111 9
b110011110101010111011001010010 :
b10100001110011010110000110001001 ;
b1000101001100010100000001001011 <
b1011100101010011100001001001011 =
1$
#1030000
0$
#1035000
b1001001000100111010011111110000 +
b10110011001011011001111100000001 ,
b10000101001010000111101010011111 ?
b11101 >
b11001110101111010110111110011001 6
b1001101001101000101010010110100 7
b1111010001001101101111010101001 8
b10001001110001100010110110001101 9
b10001101001111101110011101100000 :
b110011110101010111011001010010 ;
b10100001110011010110000110001001 <
b1000101001100010100000001001011 =
1$
#1040000
0$
#1045000
b11001101110011011101011111000 +
b10101101000110100111010100010000 ,
b100100011110011010001110010001 ?
b11110 >
b11111100010000010100011011110001 6
b11001110101111010110111110011001 7
b1001101001101000101010010110100 8
b1111010001001101101111010101001 9
b111100111100111100110010001110 :
b10001101001111101110011101100000 ;
b110011110101010111011001010010 <
b10100001110011010110000110001001 =
1$
#1050000
0$
#1055000
b10110000000010001000000001010001 +
b11111011100001111100010101101110 ,
b11010011111110010000111011110110 ?
b11111 >
b11000110110101000011000000001000 6
b11111100010000010100011011110001 7
b11001110101111010110111110011001 8
b1001101001101000101010010110100 9
b100111010000010101001110111001 :
b111100111100111100110010001110 ;
b10001101001111101110011101100000 <
b110011110101010111011001010010 =
1$
#1060000
0$
#1065000
b1110100110111111111011111111100 +
b1011001000001110110101000110010 ,
b11011100011001101010101011010010 ?
b100000 >
b10101011100100000100010110111111 6
b11000110110101000011000000001000 7
b11111100010000010100011011110001 8
b11001110101111010110111110011001 9
b1001000101111000001101000100010 :
b100111010000010101001110111001 ;
b111100111100111100110010001110 <
b10001101001111101110011101100000 =
1$
#1070000
0$
#1075000
b1111010110110110110010110101 +
b11001010000110110011001111101011 ,
b1100110111100000001110110000100 ?
b100001 >
b11001101111001110110001000101110 6
b10101011100100000100010110111111 7
b11000110110101000011000000001000 8
b11111100010000010100011011110001 9
b100111110001001101100111001011 :
b1001000101111000001101000100010 ;
b100111010000010101001110111001 <
b111100111100111100110010001110 =
1$
#1080000
0$
#1085000
b10110011110100000100000110100110 +
b1000011111101111101100111011001 ,
b10111001111010001110101100110011 ?
b100010 >
b11011001011101101010000010100000 6
b11001101111001110110001000101110 7
b10101011100100000100010110111111 8
b11000110110101000011000000001000 9
b11000110010111000111101011011100 :
b100111110001001101100111001011 ;
b1001000101111000001101000100010 <
b100111010000010101001110111001 =
1$
#1090000
0$
#1095000
b11100100010001100110100101101110 +
b1010101001001000010110111010110 ,
b10110011110101001001010010110100 ?
b100011 >
b11110111110010000001101101111111 6
b11011001011101101010000010100000 7
b11001101111001110110001000101110 8
b10101011100100000100010110111111 9
b1010110011000000100111100001 :
b11000110010111000111101011011100 ;
b100111110001001101100111001011 <
b1001000101111000001101000100010 =
1$
#1100000
0$
#1105000
b10111100100010001000111000100 +
b10001100010001001111011011100100 ,
b10111100000011101001001000111100 ?
b100100 >
b111001011010101001011101000100 6
b11110111110010000001101101111111 7
b11011001011101101010000010100000 8
b11001101111001110110001000101110 9
b101101000111001110010101 :
b1010110011000000100111100001 ;
b11000110010111000111101011011100 <
b100111110001001101100111001011 =
1$
#1110000
0$
#1115000
b11101001010111000101100110000001 +
b10110011010001001000111011111011 ,
b11111000100010100011100110110001 ?
b100101 >
b10100011110101100000100010101000 6
b111001011010101001011101000100 7
b11110111110010000001101101111111 8
b11011001011101101010000010100000 9
b1011010001011000101100100010010 :
b101101000111001110010101 ;
b1010110011000000100111100001 <
b11000110010111000111101011011100 =
1$
#1120000
0$
#1125000
b10100001010011111011010111010110 +
b11100111101100000000010000001010 ,
b10010010001000000010000111001000 ?
b100110 >
b10011100101000001110100001111100 6
b10100011110101100000100010101000 7
b111001011010101001011101000100 8
b11110111110010000001101101111111 9
b10001100101110110010111110011011 :
b1011010001011000101100100010010 ;
b101101000111001110010101 <
b1010110011000000100111100001 =
1$
#1130000
0$
#1135000
b10011100110100101101010010001110 +
b10100101010101000100110100110100 ,
b11011101001111001000111101101 ?
b100111 >
b10001000111111111011100111100000 6
b10011100101000001110100001111100 7
b10100011110101100000100010101000 8
b111001011010101001011101000100 9
b11011111011110000001111110001001 :
b10001100101110110010111110011011 ;
b1011010001011000101100100010010 <
b101101000111001110010101 =
1$
#1140000
0$
#1145000
b10001010110001000111101000100001 +
b10110110001110111111011010100111 ,
b10101000000000111001010101000111 ?
b101000 >
b1000010001001110010000111000010 6
b10001000111111111011100111100000 7
b10011100101000001110100001111100 8
b10100011110101100000100010101000 9
b11011110101111101110010001111000 :
b11011111011110000001111110001001 ;
b10001100101110110010111110011011 <
b1011010001011000101100100010010 =
1$
#1150000
0$
#1155000
b11010111111010000110011011110101 +
b10011000111110011101001000000011 ,
b10101000001011101011010011100110 ?
b101001 >
b1000001000000000111000011001000 6
b1000010001001110010000111000010 7
b10001000111111111011100111100000 8
b10011100101000001110100001111100 9
b1011010000100011111111101001111 :
b11011110101111101110010001111000 ;
b11011111011110000001111110001001 <
b10001100101110110010111110011011 =
1$
#1160000
0$
#1165000
b10010011001110110001100110110100 +
b1000011100010110000010100100011 ,
b1001001001001000111010110110111 ?
b101010 >
b1110000111000100011100011111000 6
b1000001000000000111000011001000 7
b1000010001001110010000111000010 8
b10001000111111111011100111100000 9
b110101100110101011101001111111 :
b1011010000100011111111101001111 ;
b11011110101111101110010001111000 <
b11011111011110000001111110001001 =
1$
#1170000
0$
#1175000
b1101100001101101010011110110110 +
b10111000111011001011001110101110 ,
b1010010000100010100100011110111 ?
b101011 >
b11010110110001100001111011010111 6
b1110000111000100011100011111000 7
b1000001000000000111000011001000 8
b1000010001001110010000111000010 9
b11001100100010101011111100000011 :
b110101100110101011101001111111 ;
b1011010000100011111111101001111 <
b11011110101111101110010001111000 =
1$
#1180000
0$
#1185000
b11010011111001101000101001001011 +
b11100110100100110110100110001101 ,
b1010010010100010110111000100 ?
b101100 >
b100101001000110101101101100100 6
b11010110110001100001111011010111 7
b1110000111000100011100011111000 8
b1000001000000000111000011001000 9
b11111011000100111101010101110000 :
b11001100100010101011111100000011 ;
b110101100110101011101001111111 <
b1011010000100011111111101001111 =
1$
#1190000
0$
#1195000
b1101111110000010100110100100 +
b11000010000001010011111100100000 ,
b11110010110111011111000110101010 ?
b101101 >
b10111010011110011111001111011000 6
b100101001000110101101101100100 7
b11010110110001100001111011010111 8
b1110000111000100011100011111000 9
b100111100100111101101001010101 :
b11111011000100111101010101110000 ;
b11001100100010101011111100000011 <
b110101100110101011101001111111 =
1$
#1200000
0$
#1205000
b101111111100111011001010101001 +
b100011111010101001010110000 ,
b1000111110111101011001110100010 ?
b101110 >
b11001111111111010110100011000100 6
b10111010011110011111001111011000 7
b100101001000110101101101100100 8
b11010110110001100001111011010111 9
b110010111001110111100000011000 :
b100111100100111101101001010101 ;
b11111011000100111101010101110000 <
b11001100100010101011111100000011 =
1$
#1210000
0$
#1215000
b1100010001110011110011111100111 +
b10100111110110101111101000010001 ,
b11010111010110011110001110011100 ?
b101111 >
b110100011100010000010101011001 6
b11001111111111010110100011000100 7
b10111010011110011111001111011000 8
b100101001000110101101101100100 9
b11011011010000110111000110000111 :
b110010111001110111100000011000 ;
b100111100100111101101001010101 <
b11111011000100111101010101110000 =
1$
#1220000
0$
#1225000
b1101101001101111110101011001001 +
b1011001110110011110011110011000 ,
b10111101111001111011010100111 ?
b110000 >
b1010000101001110000111111000 6
b110100011100010000010101011001 7
b11001111111111010110100011000100 8
b10111010011110011111001111011000 9
b11001100111111100101010101110101 :
b11011011010000110111000110000111 ;
b110010111001110111100000011000 <
b100111100100111101101001010101 =
1$
#1230000
0$
#1235000
b10101011100101011000110010000011 +
b1110000010011101011000001110111 ,
b11001000000111101101110101000100 ?
b110001 >
b11000111000100011101001001100001 6
b1010000101001110000111111000 7
b110100011100010000010101011001 8
b11001111111111010110100011000100 9
b10100010100111101101101110000 :
b11001100111111100101010101110101 ;
b11011011010000110111000110000111 <
b110010111001110111100000011000 =
1$
#1240000
0$
#1245000
b11111100111011110010100101101000 +
b11000111100100001011110000010110 ,
b1001011101011001101000110001000 ?
b110010 >
b11011111001000011110011111010 6
b11000111000100011101001001100001 7
b1010000101001110000111111000 8
b110100011100010000010101011001 9
b1000000010011000001100100111011 :
b10100010100111101101101110000 ;
b11001100111111100101010101110101 <
b11011011010000110111000110000111 =
1$
#1250000
0$
#1255000
b101100111100100001011000101011 +
b10010101111101111101110111011 ,
b111101110011101001110110010011 ?
b110011 >
b11000100011111111110010101111110 6
b11011111001000011110011111010 7
b11000111000100011101001001100001 8
b1010000101001110000111111000 9
b11111100000000011100000101101111 :
b1000000010011000001100100111011 ;
b10100010100111101101101110000 <
b11001100111111100101010101110101 =
1$
#1260000
0$
#1265000
b11100100100011110101011100001101 +
b1010001110111000010111010110101 ,
b10010100011000000111100011100100 ?
b110100 >
b111111101100010001000111100110 6
b11000100011111111110010101111110 7
b11011111001000011110011111010 8
b11000111000100011101001001100001 9
b11100110100111101110110110011 :
b11111100000000011100000101101111 ;
b1000000010011000001100100111011 <
b10100010100111101101101110000 =
1$
#1270000
0$
#1275000
b1000100000101111110000011011011 +
b10011110001000110100000110 ,
b1101000111011111101100100111110 ?
b110101 >
b110110011010111000010111000010 6
b111111101100010001000111100110 7
b11000100011111111110010101111110 8
b11011111001000011110011111010 9
b11000111011100000000100010110 :
b11100110100111101110110110011 ;
b11111100000000011100000101101111 <
b1000000010011000001100100111011 =
1$
#1280000
0$
#1285000
b10110101110010101011000011000011 +
b10111000100011000001110000101100 ,
b11011001111111101100000111111101 ?
b110110 >
b1000110100100000110110111100001 6
b110110011010111000010111000010 7
b111111101100010001000111100110 8
b11000100011111111110010101111110 9
b11110010111001100101000000000 :
b11000111011100000000100010110 ;
b11100110100111101110110110011 <
b11111100000000011100000101101111 =
1$
#1290000
0$
#1295000
b1001110001100000100101000010111 +
b10000110101101000111110100100100 ,
b11001010000010001110101010110010 ?
b110111 >
b1101110010101101100110011101111 6
b1000110100100000110110111100001 7
b110110011010111000010111000010 8
b111111101100010001000111100110 9
b1111101000011000000000110101010 :
b11110010111001100101000000000 ;
b11000111011100000000100010110 <
b11100110100111101110110110011 =
1$
#1300000
0$
#1305000
b10100110110100000100011110100110 +
b10000000101001100110000111110101 ,
b10011110100001011011110011111001 ?
b111000 >
b11010100111001001100011100111011 6
b1101110010101101100110011101111 7
b1000110100100000110110111100001 8
b110110011010111000010111000010 9
b11000110011001011000111100001010 :
b1111101000011000000000110101010 ;
b11110010111001100101000000000 <
b11000111011100000000100010110 =
1$
#1310000
0$
#1315000
b11000110000110011100101100001001 +
b11011100110111011000101111110011 ,
b11010110111101000101100100000001 ?
b111001 >
b100111011101101010100110011011 6
b11010100111001001100011100111011 7
b1101110010101101100110011101111 8
b1000110100100000110110111100001 9
b10110111000100011110011110110111 :
b11000110011001011000111100001010 ;
b1111101000011000000000110101010 <
b11110010111001100101000000000 =
1$
#1320000
0$
#1325000
b11101000111110011111100001001001 +
b1101101010111101110000111110111 ,
b10100111100100110101000001010010 ?
b111010 >
b10100010111101110101011011111100 6
b100111011101101010100110011011 7
b11010100111001001100011100111011 8
b1101110010101101100110011101111 9
b100011011011011111100111010100 :
b10110111000100011110011110110111 ;
b11000110011001011000111100001010 <
b1111101000011000000000110101010 =
1$
#1330000
0$
#1335000
b11001011011101000101111111100111 +
b10100111111010010101000001001000 ,
b10010000001101000000000111111110 ?
b111011 >
b1010110010110001101101001000000 6
b10100010111101110101011011111100 7
b100111011101101010100110011011 8
b11010100111001001100011100111011 9
b11011011101101011010111011100110 :
b100011011011011111100111010100 ;
b10110111000100011110011110110111 <
b11000110011001011000111100001010 =
1$
#1340000
0$
#1345000
b10011101110010100001110110010111 +
b10101011001001111101101011111011 ,
b1101101000110011010010001010010 ?
b111100 >
b1110011010111011011000000101111 6
b1010110010110001101101001000000 7
b10100010111101110101011011111100 8
b100111011101101010100110011011 9
b1111100110011100001011110000011 :
b11011011101101011010111011100110 ;
b100011011011011111100111010100 <
b10110111000100011110011110110111 =
1$
#1350000
0$
#1355000
b11100011101001100110100010001010 +
b11010110100111100011110111110011 ,
b101110010111100100010110100111 ?
b111101 >
b1001000111100011111100010010010 6
b1110011010111011011000000101111 7
b1010110010110001101101001000000 8
b10100010111101110101011011111100 9
b11010010100111101000010010010110 :
b1111100110011100001011110000011 ;
b11011011101101011010111011100110 <
b100011011011011111100111010100 =
1$
#1360000
0$
#1365000
b11001010001110101011110110010010 +
b101110100100111000001110111100 ,
b1010100010000101001010111111100 ?
b111110 >
b10111010010001001010011001111101 6
b1001000111100011111100010010010 7
b1110011010111011011000000101111 8
b1010110010110001101101001000000 9
b1111001100101011001010011101111 :
b11010010100111101000010010010110 ;
b1111100110011100001011110000011 <
b11011011101101011010111011100110 =
1$
#1370000
0$
#1375000
b10000110000001100100111000100000 +
b10100011010000011010000100000001 ,
b11010001101111011010100011100000 ?
b111111 >
b11111000110011100100000101001110 6
b10111010010001001010011001111101 7
b1001000111100011111100010010010 8
b1110011010111011011000000101111 9
b10000100111011000101110111111100 :
b1111001100101011001010011101111 ;
b11010010100111101000010010010110 <
b1111100110011100001011110000011 =
1$
#1380000
0$
#1385000
b0 +
b0 ,
b101110110010001101001111001001 ?
b1000000 >
b101001010001111110111100100001 6
b11111000110011100100000101001110 7
b10111010010001001010011001111101 8
b1001000111100011111100010010010 9
b10110100111110101000100110000 :
b10000100111011000101110111111100 ;
b1111001100101011001010011101111 <
b11010010100111101000010010010110 =
1$
#1390000
0$
#1395000
b11111110100010110001110010010010 ?
b1000001 >
1!
b101110011111110101000110101111 5
b10011001000110010110111010011010 4
b11111111100011100011010001000 3
b1100111101011011010001110101111 2
b11101110010000011110110111001100 1
b11110110101100111001100111101111 0
b10110100001101011110111111010011 /
b1001001101010001110101011000100010110100001101011110111111010011111101101011001110011001111011111110111001000001111011011100110001100111101011011010001110101111000111111111000111000110100010001001100100011001011011101001101000101110011111110101000110101111 "
b1001001101010001110101011000100010110100001101011110111111010011111101101011001110011001111011111110111001000001111011011100110001100111101011011010001110101111000111111111000111000110100010001001100100011001011011101001101000101110011111110101000110101111 -
b10010011010100011101010110001000 .
1$
#1400000
0$
#1405000
b1100100100001011100001110010011111110000110110110000101110110101011101110000111010001110010101110101100011011011111111010100011100000000011110111101110101011101000010101000010100100001001110000011000101100000010010001110111001011100001100111111010101011000 %
b10111001011010011010011001000100100000001010000000011101001011111011100010100001110110001110101100111000001111001000110010011000001011001011011011011110100110101111100001100111000101011010000011110011101010110011010101110000000110100100110101111101010100011111111110000001010010100110010000101001000100110001101110001011011011000000110110111111000000111011011100000011000011000111101000000010000100010100011111111011000100011011010011100101001000111100000111101110101101001010111100001110101111011010111011100100 #
b10111001011010011010011001000100100000001010000000011101001011111011100010100001110110001110101100111000001111001000110010011000001011001011011011011110100110101111100001100111000101011010000011110011101010110011010101110000000110100100110101111101010100011111111110000001010010100110010000101001000100110001101110001011011011000000110110111111000000111011011100000011000011000111101000000010000100010100011111111011000100011011010011100101001000111100000111101110101101001010111100001110101111011010111011100100 *
1$
#1410000
b1011011111000001100110100011001 5
b11111100000111101100110101011 4
b10011011000001010110100010001100 3
b1010001000011100101001001111111 2
b10100101010011111111010100111010 1
b111100011011101111001101110010 0
b10111011011001111010111010000101 /
b110101000001001111001100110011110111011011001111010111010000101001111000110111011110011011100101010010101001111111101010011101001010001000011100101001001111111100110110000010101101000100011000001111110000011110110011010101101011011111000001100110100011001 "
b110101000001001111001100110011110111011011001111010111010000101001111000110111011110011011100101010010101001111111101010011101001010001000011100101001001111111100110110000010101101000100011000001111110000011110110011010101101011011111000001100110100011001 -
b1101010000010011110011001100111 .
0!
0&
0$
#1415000
1$
#1420000
1&
0$
#1425000
1$
#1430000
1'
0$
#1435000
b10111001011010011010011001000100 ?
b10101100111000011001001110101100 ,
b1000100100001001101011100101 +
b1011011111000001100110100011001 =
b11111100000111101100110101011 <
b10011011000001010110100010001100 ;
b1010001000011100101001001111111 :
b10100101010011111111010100111010 9
b111100011011101111001101110010 8
b10111011011001111010111010000101 7
b1101010000010011110011001100111 6
b0 >
1$
#1440000
0'
0$
#1445000
b10001100110011110001010101100101 +
b10000111101001101000111100010100 ,
b10000000101000000001110100101111 ?
b1 >
b10110101011100100010111010010001 6
b1101010000010011110011001100111 7
b10111011011001111010111010000101 8
b111100011011101111001101110010 9
b1010010001100011000100011100110 :
b1010001000011100101001001111111 ;
b10011011000001010110100010001100 <
b11111100000111101100110101011 =
1$
#1450000
0$
#1455000
b11100100101101011101010101010011 +
b10011011100011011010011000011101 ,
b10111000101000011101100011101011 ?
b10 >
b10100011101011010010001111001 6
b10110101011100100010111010010001 7
b1101010000010011110011001100111 8
b10111011011001111010111010000101 9
b11000100000101011000001010000110 :
b1010010001100011000100011100110 ;
b1010001000011100101001001111111 <
b10011011000001010110100010001100 =
1$
#1460000
0$
#1465000
b10001010111011000100110100110111 +
b11110110100011001111001010101 ,
b111000001111001000110010011000 ?
b11 >
b10000000010000110111101101110000 6
b10100011101011010010001111001 7
b10110101011100100010111010010001 8
b1101010000010011110011001100111 9
b1010110111101010101010010100010 :
b11000100000101011000001010000110 ;
b1010010001100011000100011100110 <
b1010001000011100101001001111111 =
1$
#1470000
0$
#1475000
b10000110011111000100100010 +
b101100001000101101110100011 ,
b101100101101101101111010011010 ?
b100 >
b10101001101111011110101110001100 6
b10000000010000110111101101110000 7
b10100011101011010010001111001 8
b10110101011100100010111010010001 9
b10001000110110111000010010111100 :
b1010110111101010101010010100010 ;
b11000100000101011000001010000110 <
b1010010001100011000100011100110 =
1$
#1480000
0$
#1485000
b11100000100111000010011110100001 +
b11010010011110110001110101110001 ,
b11111000011001110001010110100000 ?
b101 >
b111100111100100110011000101 6
b10101001101111011110101110001100 7
b10000000010000110111101101110000 8
b10100011101011010010001111001 9
b10111010111101101000101000110100 :
b10001000110110111000010010111100 ;
b1010110111101010101010010100010 <
b11000100000101011000001010000110 =
1$
#1490000
0$
#1495000
b1111100111000110101000010110110 +
b1110110100000110111100101010110 ,
b11110011101010110011010101110000 ?
b110 >
b10110011000101110100010100010010 6
b111100111100100110011000101 7
b10101001101111011110101110001100 8
b10000000010000110111101101110000 9
b11100110111100001100000111101010 :
b10111010111101101000101000110100 ;
b10001000110110111000010010111100 <
b1010110111101010101010010100010 =
1$
#1500000
0$
#1505000
b10101010101011000110011001111100 +
b11101101101011100110001001010 ,
b11010010011010111110101010001 ?
b111 >
b11110011011001101100101000001100 6
b10110011000101110100010100010010 7
b111100111100100110011000101 8
b10101001101111011110101110001100 9
b11110110110001101111010011000110 :
b11100110111100001100000111101010 ;
b10111010111101101000101000110100 <
b10001000110110111000010010111100 =
1$
#1510000
0$
#1515000
b10100000010011000001011010000111 +
b10010001011000010011111111101000 ,
b11111111100000010100101001100100 ?
b1000 >
b11001000011000100011001011000110 6
b11110011011001101100101000001100 7
b10110011000101110100010100010010 8
b111100111100100110011000101 9
b11000111011100111011011111010110 :
b11110110110001101111010011000110 ;
b11100110111100001100000111101010 <
b10111010111101101000101000110100 =
1$
#1520000
0$
#1525000
b10111011101100011011011010000101 +
b1100101000100011110010001001011 ,
b101001000100110001101110001011 ?
b1001 >
b110001101011010101011001101111 6
b11001000011000100011001011000110 7
b11110011011001101100101000001100 8
b10110011000101110100010100010010 9
b10011000111111111000110010101101 :
b11000111011100111011011111010110 ;
b11110110110001101111010011000110 <
b11100110111100001100000111101010 =
1$
#1530000
0$
#1535000
b11110001101111011011001011110001 +
b10110001110110001110011100100010 ,
b1101100000011011011111100000011 ?
b1010 >
b100000110000111001101011010000 6
b110001101011010101011001101111 7
b11001000011000100011001011000110 8
b11110011011001101100101000001100 9
b11000001010010010100101011101 :
b10011000111111111000110010101101 ;
b11000111011100111011011111010110 <
b11110110110001101111010011000110 =
1$
#1540000
0$
#1545000
b10000011100110001000111100010001 +
b11101101000001010011111000000000 ,
b10110111000000110000110001111010 ?
b1011 >
b10100011100101101001101000010011 6
b100000110000111001101011010000 7
b110001101011010101011001101111 8
b11001000011000100011001011000110 9
b10100101001111111011000100101110 :
b11000001010010010100101011101 ;
b10011000111111111000110010101101 <
b11000111011100111011011111010110 =
1$
#1550000
0$
#1555000
b1100100001100000100110001111001 +
b1101100101110011011110110110010 ,
b10000100010100011111111011 ?
b1100 >
b1110000100111011100110100010001 6
b10100011100101101001101000010011 7
b100000110000111001101011010000 8
b110001101011010101011001101111 9
b10110101011001110111000011000110 :
b10100101001111111011000100101110 ;
b11000001010010010100101011101 <
b10011000111111111000110010101101 =
1$
#1560000
0$
#1565000
b11111101111010110011010010101100 +
b10010001111111001011001000001001 ,
b10001101101001110010100100011 ?
b1101 >
b11010000111010100000101000101011 6
b1110000100111011100110100010001 7
b10100011100101101001101000010011 8
b100000110000111001101011010000 9
b10011110011001110001010000100001 :
b10110101011001110111000011000110 ;
b10100101001111111011000100101110 <
b11000001010010010100101011101 =
1$
#1570000
0$
#1575000
b10011010101111110001111011011110 +
b111000010011001101011001101110 ,
b11000001111011101011010010101111 ?
b1110 >
b10001111111001111110011010110101 6
b11010000111010100000101000101011 7
b1110000100111011100110100010001 8
b10100011100101101001101000010011 9
b10110010110000000100110011011001 :
b10011110011001110001010000100001 ;
b10110101011001110111000011000110 <
b10100101001111111011000100101110 =
1$
#1580000
0$
#1585000
b10000101010111010011110001101101 +
b11011100100000011100000000 ,
b1110101111011010111011100100 ?
b1111 >
b11010011000010111111010101001100 6
b10001111111001111110011010110101 7
b11010000111010100000101000101011 8
b1110000100111011100110100010001 9
b11011011111000110111000010000001 :
b10110010110000000100110011011001 ;
b10011110011001110001010000100001 <
b10110101011001110111000011000110 =
1$
#1590000
0$
#1595000
b11010000001000100000011111101111 +
b11001101101010000101010110101000 ,
b10110111110011011100100011101101 ?
b10000 >
b10001000110011110100001101101101 6
b11010011000010111111010101001100 7
b10001111111001111110011010110101 8
b11010000111010100000101000101011 9
b1110100000011111101010000010001 :
b11011011111000110111000010000001 ;
b10110010110000000100110011011001 <
b10011110011001110001010000100001 =
1$
#1600000
0$
#1605000
b10111100100000110111110010001101 +
b11111010110000110001100000000011 ,
b101101110101001110010011000 ?
b10001 >
b10011101110010100101110110010111 6
b10001000110011110100001101101101 7
b11010011000010111111010101001100 8
b10001111111001111110011010110101 9
b10011110100100100101111111010011 :
b1110100000011111101010000010001 ;
b11011011111000110111000010000001 <
b10110010110000000100110011011001 =
1$
#1610000
0$
#1615000
b110000110101001011001101100010 +
b101011101011100111101000001111 ,
b11100001001111010110101001010111 ?
b10010 >
b10110111010001101001010010010000 6
b10011101110010100101110110010111 7
b10001000110011110100001101101101 8
b11010011000010111111010101001100 9
b10001010101010101111111010111000 :
b10011110100100100101111111010011 ;
b1110100000011111101010000010001 <
b11011011111000110111000010000001 =
1$
#1620000
0$
#1625000
b11001101111000100000011111001000 +
b11011011000011110000011000100111 ,
b11011110100101010111111010100011 ?
b10011 >
b1011100100000110010110101110001 6
b10110111010001101001010010010000 7
b10011101110010100101110110010111 8
b10001000110011110100001101101101 9
b11111110101110100110111101011011 :
b10001010101010101111111010111000 ;
b10011110100100100101111111010011 <
b1110100000011111101010000010001 =
1$
#1630000
0$
#1635000
b11111110001110011100100001000001 +
b110101101101110110111001111110 ,
b11110010010110010001101000100110 ?
b10100 >
b10101000111100010000110111101111 6
b1011100100000110010110101110001 7
b10110111010001101001010010010000 8
b10011101110010100101110110010111 9
b1100011110111100100100110010100 :
b11111110101110100110111101011011 ;
b10001010101010101111111010111000 <
b10011110100100100101111111010011 =
1$
#1640000
0$
#1645000
b11110110110100000101110011101000 +
b1010111110000100111010011100100 ,
b11111101110101100000100001000100 ?
b10101 >
b110011111100010011011010111111 6
b10101000111100010000110111101111 7
b1011100100000110010110101110001 8
b10110111010001101001010010010000 9
b11010011100000011100110000010101 :
b1100011110111100100100110010100 ;
b11111110101110100110111101011011 <
b10001010101010101111111010111000 =
1$
#1650000
0$
#1655000
b1011100110000011111001110 +
b11101000011110010110101000000110 ,
b10101110111111011000100100111000 ?
b10110 >
b1001110100100101101000111001100 6
b110011111100010011011010111111 7
b10101000111100010000110111101111 8
b1011100100000110010110101110001 9
b1111000010010000100101110100 :
b11010011100000011100110000010101 ;
b1100011110111100100100110010100 <
b11111110101110100110111101011011 =
1$
#1660000
0$
#1665000
b1110001000010110111001010001101 +
b11011011010110001110000110011000 ,
b11011110001101110111101001001 ?
b10111 >
b11101001111011000111000111010100 6
b1001110100100101101000111001100 7
b110011111100010011011010111111 8
b10101000111100010000110111101111 9
b1000100111111001001011101110111 :
b1111000010010000100101110100 ;
b11010011100000011100110000010101 <
b1100011110111100100100110010100 =
1$
#1670000
0$
#1675000
b10110000010010000011010011011110 +
b10010101011111101000010111100000 ,
b1010000010111110111001111000001 ?
b11000 >
b1001100011001000101010000100101 6
b11101001111011000111000111010100 7
b1001110100100101101000111001100 8
b110011111100010011011010111111 9
b10000100010010011110111110000111 :
b1000100111111001001011101110111 ;
b1111000010010000100101110100 <
b11010011100000011100110000010101 =
1$
#1680000
0$
#1685000
b10101100010011011110101001000001 +
b10110000010011001011100101001000 ,
b11001001101010101110010011111 ?
b11001 >
b1000101110001101011101010111110 6
b1001100011001000101010000100101 7
b11101001111011000111000111010100 8
b1001110100100101101000111001100 9
b11001001011011111011110010011111 :
b10000100010010011110111110000111 ;
b1000100111111001001011101110111 <
b1111000010010000100101110100 =
1$
#1690000
0$
#1695000
b1101110101010010001101111110010 +
b11011110101100010111100101101101 ,
b11000010110000001001110111110101 ?
b11010 >
b1011100100110101010001110001001 6
b1000101110001101011101010111110 7
b1001100011001000101010000100101 8
b11101001111011000111000111010100 9
b11111110110111111000101100010100 :
b11001001011011111011110010011111 ;
b10000100010010011110111110000111 <
b1000100111111001001011101110111 =
1$
#1700000
0$
#1705000
b1100001110101000110011001010101 +
b10000110100000001110100001011111 ,
b1010110111011110001010001111111 ?
b11011 >
b1001101010110101001010101011111 6
b1011100100110101010001110001001 7
b1000101110001101011101010111110 8
b1001100011001000101010000100101 9
b11001000100111011110101101000001 :
b11111110110111111000101100010100 ;
b11001001011011111011110010011111 <
b10000100010010011110111110000111 =
1$
#1710000
0$
#1715000
b1100110111000110100101001000011 +
b1001000111110000110100000111111 ,
b11011010101110010110101001100001 ?
b11100 >
b11101000010101010100111010110100 6
b1001101010110101001010101011111 7
b1011100100110101010001110001001 8
b1000101110001101011101010111110 9
b11010010111001010011110010000100 :
b11001000100111011110101101000001 ;
b11111110110111111000101100010100 <
b11001001011011111011110010011111 =
1$
#1720000
0$
#1725000
b111110100001010010111101011000 +
b10100001001101011011111111011000 ,
b10011111011100110010001010001 ?
b11101 >
b10101111110110111011001010000010 6
b11101000010101010100111010110100 7
b1001101010110101001010101011111 8
b1011100100110101010001110001001 9
b10001110101111110010001011111101 :
b11010010111001010011110010000100 ;
b11001000100111011110101101000001 <
b11111110110111111000101100010100 =
1$
#1730000
0$
#1735000
b10010101101100000111010000010101 +
b1111010100010101100001001101101 ,
b11000011100111110100101110111 ?
b11110 >
b11011111101110101110111100110000 6
b10101111110110111011001010000010 7
b11101000010101010100111010110100 8
b1001101010110101001010101011111 9
b11111101110100000110001101100001 :
b10001110101111110010001011111101 ;
b11010010111001010011110010000100 <
b11001000100111011110101101000001 =
1$
#1740000
0$
#1745000
b1111100011111111111101010111011 +
b1010100001100001101100101001 ,
b11101011100001100001000110111 ?
b11111 >
b10000001110110011011010000010 6
b11011111101110101110111100110000 7
b10101111110110111011001010000010 8
b11101000010101010100111010110100 9
b11000111111001010101011111001100 :
b11111101110100000110001101100001 ;
b10001110101111110010001011111101 <
b11010010111001010011110010000100 =
1$
#1750000
0$
#1755000
b101101111011000110011011110101 +
b10011010001010100000101010111110 ,
b11110010001100001100000100011101 ?
b100000 >
b10000111000001100001010111100100 6
b10000001110110011011010000010 7
b11011111101110101110111100110000 8
b10101111110110111011001010000010 9
b11110010110110110110100111011101 :
b11000111111001010101011111001100 ;
b11111101110100000110001101100001 <
b10001110101111110010001011111101 =
1$
#1760000
0$
#1765000
b10100110011100110100100110100001 +
b11001011000100101000001001010000 ,
b101011010001011001101110000100 ?
b100001 >
b11001000000101100111000110110011 6
b10000111000001100001010111100100 7
b10000001110110011011010000010 8
b11011111101110101110111100110000 9
b1001010000001011011110101000000 :
b11110010110110110110100111011101 ;
b11000111111001010101011111001100 <
b11111101110100000110001101100001 =
1$
#1770000
0$
#1775000
b11010101110010111000110100000101 +
b1110111101101010110100000110010 ,
b10110100100001011011110011010000 ?
b100010 >
b1110001100001011100101111110001 6
b11001000000101100111000110110011 7
b10000111000001100001010111100100 8
b10000001110110011011010000010 9
b10101010110011010111000110000000 :
b1001010000001011011110101000000 ;
b11110010110110110110100111011101 <
b11000111111001010101011111001100 =
1$
#1780000
0$
#1785000
b11000010100100110111111000101111 +
b1011010110001100110011101110000 ,
b1001101001011010101100010010110 ?
b100011 >
b1001101100000001111010100110111 6
b1110001100001011100101111110001 7
b11001000000101100111000110110011 8
b10000111000001100001010111100100 9
b10000111111100001001111010110100 :
b10101010110011010111000110000000 ;
b1001010000001011011110101000000 <
b11110010110110110110100111011101 =
1$
#1790000
0$
#1795000
b11101001101110101101010110010100 +
b11011110011011100010110111010011 ,
b10000100011101110011111010100001 ?
b100100 >
b11101010110011110010110011111 6
b1001101100000001111010100110111 7
b1110001100001011100101111110001 8
b11001000000101100111000110110011 9
b11100001110011000111110101010100 :
b10000111111100001001111010110100 ;
b10101010110011010111000110000000 <
b1001010000001011011110101000000 =
1$
#1800000
0$
#1805000
b10011010010000111000001111101000 +
b10001111100011011001001011010111 ,
b100100011000001111011110101010 ?
b100101 >
b11001000001010010000001101100111 6
b11101010110011110010110011111 7
b1001101100000001111010100110111 8
b1110001100001011100101111110001 9
b10100110100001001001111110000110 :
b11100001110011000111110101010100 ;
b10000111111100001001111010110100 <
b10101010110011010111000110000000 =
1$
#1810000
0$
#1815000
b1000101001100001111111100111111 +
b11001010110111000000010000110101 ,
b1101111101100010101000110101111 ?
b100110 >
b101001110100010001011010111111 6
b11001000001010010000001101100111 7
b11101010110011110010110011111 8
b1001101100000001111010100110111 9
b1000100110101111011001000 :
b10100110100001001001111110000110 ;
b11100001110011000111110101010100 <
b10000111111100001001111010110100 =
1$
#1820000
0$
#1825000
b110011101101110001010001101100 +
b10010101111010011101101010001000 ,
b11000111011111000000001101101111 ?
b100111 >
b10000000011010000001101110100 6
b101001110100010001011010111111 7
b11001000001010010000001101100111 8
b11101010110011110010110011111 9
b11000010111001111100101101100 :
b1000100110101111011001000 ;
b10100110100001001001111110000110 <
b11100001110011000111110101010100 =
1$
#1830000
0$
#1835000
b11001111111101101010110010010000 +
b11111110010000101010100011011010 ,
b1101000110100011100110100100110 ?
b101000 >
b11001001101000001110111011110100 6
b10000000011010000001101110100 7
b101001110100010001011010111111 8
b11001000001010010000001101100111 9
b10110011010000111100000000100111 :
b11000010111001111100101101100 ;
b1000100110101111011001000 <
b10100110100001001001111110000110 =
1$
#1840000
0$
#1845000
b11000101101101101101011100011100 +
b100010110001001001100101011100 ,
b100100010001111011111111110101 ?
b101001 >
b11001110001110010101010101101010 6
b11001001101000001110111011110100 7
b10000000011010000001101110100 8
b101001110100010001011010111111 9
b11000110011010111010110001000001 :
b10110011010000111100000000100111 ;
b11000010111001111100101101100 <
b1000100110101111011001000 =
1$
#1850000
0$
#1855000
b11100010100011111000011011100 +
b10110111110111101101101111001 ,
b100000100010111010110010101000 ?
b101010 >
b11101000011110110111000001111000 6
b11001110001110010101010101101010 7
b11001001101000001110111011110100 8
b10000000011010000001101110100 9
b1001100100101011011000000011011 :
b11000110011010111010110001000001 ;
b10110011010000111100000000100111 <
b11000010111001111100101101100 =
1$
#1860000
0$
#1865000
b11110001010001001000101110 +
b10110010010110010001101001100000 ,
b10000101111011011010001110011010 ?
b101011 >
b110011010011011100110001010101 6
b11101000011110110111000001111000 7
b11001110001110010101010101101010 8
b11001001101000001110111011110100 9
b100111000010001101111011101101 :
b1001100100101011011000000011011 ;
b11000110011010111010110001000001 <
b10110011010000111100000000100111 =
1$
#1870000
0$
#1875000
b1100011100111110110110101100110 +
b100001101000100111011110000101 ,
b11011100001100011110110110000011 ?
b101100 >
b10110110000111100010110010001110 6
b110011010011011100110001010101 7
b11101000011110110111000001111000 8
b11001110001110010101010101101010 9
b1111011111110100000100101010100 :
b100111000010001101111011101101 ;
b1001100100101011011000000011011 <
b11000110011010111010110001000001 =
1$
#1880000
0$
#1885000
b1111000111011011110100111101111 +
b1011111010100000011000001000011 ,
b101000100111110000000011 ?
b101101 >
b10000101010000011110010011101011 6
b10110110000111100010110010001110 7
b110011010011011100110001010101 8
b11101000011110110111000001111000 9
b11101111110110111100110011101111 :
b1111011111110100000100101010100 ;
b100111000010001101111011101101 <
b1001100100101011011000000011011 =
1$
#1890000
0$
#1895000
b110100000011111011100011000110 +
b11000011000010011110111000011111 ,
b1000010011111100010101101001 ?
b101110 >
b11011000001111100001101000110010 6
b10000101010000011110010011101011 7
b10110110000111100010110010001110 8
b110011010011011100110001010101 9
b1000111110010111010000010111011 :
b11101111110110111100110011101111 ;
b1111011111110100000100101010100 <
b100111000010001101111011101101 =
1$
#1900000
0$
#1905000
b1100010111110110110001011 +
b10100000011101001001101001001000 ,
b1101101010010101110101100100 ?
b101111 >
b11110111000110011010011011100101 6
b11011000001111100001101000110010 7
b10000101010000011110010011101011 8
b10110110000111100010110010001110 9
b11110110010101111011101001110100 :
b1000111110010111010000010111011 ;
b11101111110110111100110011101111 <
b1111011111110100000100101010100 =
1$
#1910000
0$
#1915000
b11000110000110110000011001101011 +
b11001000010000111000110101110001 ,
b10011100011100110110101010000111 ?
b110000 >
b10100010000000001000011111010011 6
b11110111000110011010011011100101 7
b11011000001111100001101000110010 8
b10000101010000011110010011101011 9
b1010110100100101100011011010110 :
b11110110010101111011101001110100 ;
b1000111110010111010000010111011 <
b11101111110110111100110011101111 =
1$
#1920000
0$
#1925000
b1101101010101010010110000001111 +
b11111110100110010010100110011100 ,
b10101001101111001100011100100100 ?
b110001 >
b10001110010111101001001111011100 6
b10100010000000001000011111010011 7
b11110111000110011010011011100101 8
b11011000001111100001101000110010 9
b1001101100001010111001001011100 :
b1010110100100101100011011010110 ;
b11110110010101111011101001110100 <
b1000111110010111010000010111011 =
1$
#1930000
0$
#1935000
b1111001010001001111111110010010 +
b10001000010000011110101100111 ,
b10000101110000011110010010111111 ?
b110010 >
b1101011111011100101010110101011 6
b10001110010111101001001111011100 7
b10100010000000001000011111010011 8
b11110111000110011010011011100101 9
b11010110110101110100001111001110 :
b1001101100001010111001001011100 ;
b1010110100100101100011011010110 <
b11110110010101111011101001110100 =
1$
#1940000
0$
#1945000
b111011111110110001000101110111 +
b111011000001101101100100110101 ,
b11000000111010100101110110100101 ?
b110011 >
b10001010010011010011110011111001 6
b1101011111011100101010110101011 7
b10001110010111101001001111011100 8
b10100010000000001000011111010011 9
b1000001000011110010001001100 :
b11010110110101110100001111001110 ;
b1001101100001010111001001011100 <
b1010110100100101100011011010110 =
1$
#1950000
0$
#1955000
b10111010010101101111000000100001 +
b11010100100000110110110110101010 ,
b11000001001100010101001011000111 ?
b110100 >
b1110111000000011110101010101100 6
b10001010010011010011110011111001 7
b1101011111011100101010110101011 8
b10001110010111101001001111011100 9
b11011101000001110110000100001000 :
b1000001000011110010001001100 ;
b11010110110101110100001111001110 <
b1001101100001010111001001011100 =
1$
#1960000
0$
#1965000
b11110010111001110100110010000100 +
b1011111010001001001111001100011 ,
b10011001010010011011001110001100 ?
b110101 >
b10001110110110100101110111001011 6
b1110111000000011110101010101100 7
b10001010010011010011110011111001 8
b1101011111011100101010110101011 9
b1100010111000100000000110000110 :
b11011101000001110110000100001000 ;
b1000001000011110010001001100 <
b11010110110101110100001111001110 =
1$
#1970000
0$
#1975000
b10000010001001111110000110011101 +
b10100101100101011110100000111101 ,
b11001000001000001000110110110001 ?
b110110 >
b1010010001010111110101011100111 6
b10001110110110100101110111001011 7
b1110111000000011110101010101100 8
b10001010010011010011110011111001 9
b11001011001100101111010000001110 :
b1100010111000100000000110000110 ;
b11011101000001110110000100001000 <
b1000001000011110010001001100 =
1$
#1980000
0$
#1985000
b110110110101001111000011010001 +
b10100110010000111101110101001001 ,
b10000110000000101111101111100001 ?
b110111 >
b100111101111011100100111011010 6
b1010010001010111110101011100111 7
b10001110110110100101110111001011 8
b1110111000000011110101010101100 9
b101111111000110010010100110110 :
b11001011001100101111010000001110 ;
b1100010111000100000000110000110 <
b11011101000001110110000100001000 =
1$
#1990000
0$
#1995000
b11111011111000100111101100001110 +
b10011010010000101001100111101100 ,
b1101011001010001001101100010001 ?
b111000 >
b11011101000110001100111000011010 6
b100111101111011100100111011010 7
b1010010001010111110101011100111 8
b10001110110110100101110111001011 9
b11101010001011100011111110101 :
b101111111000110010010100110110 ;
b11001011001100101111010000001110 <
b1100010111000100000000110000110 =
1$
#2000000
0$
#2005000
b101101010010111110101100101000 +
b10000100001011000010111000100111 ,
b10001100001100011000001100100001 ?
b111001 >
b10010110001001010001010011111010 6
b11011101000110001100111000011010 7
b100111101111011100100111011010 8
b1010010001010111110101011100111 9
b101001000111001111011110110111 :
b11101010001011100011111110101 ;
b101111111000110010010100110110 <
b11001011001100101111010000001110 =
1$
#2010000
0$
#2015000
b1011011011111101100111110110000 +
b10000010000011111100110011000000 ,
b10001101101101110010101101110011 ?
b111010 >
b10110001011110000001100101001111 6
b10010110001001010001010011111010 7
b11011101000110001100111000011010 8
b100111101111011100100111011010 9
b11010110010110000001100100001110 :
b101001000111001111011110110111 ;
b11101010001011100011111110101 <
b101111111000110010010100110110 =
1$
#2020000
0$
#2025000
b10000011110000001010010010011000 +
b101001111101000001100110101110 ,
b10100000010101011001101111000110 ?
b111011 >
b11011101100011101001110001110000 6
b10110001011110000001100101001111 7
b10010110001001010001010011111010 8
b11011101000110001100111000011010 9
b10101001110011011001011010011010 :
b11010110010110000001100100001110 ;
b101001000111001111011110110111 <
b11101010001011100011111110101 =
1$
#2030000
0$
#2035000
b1001001010111011111010011001000 +
b1101010001011100001001101000101 ,
b1111111100001100100011100000110 ?
b111100 >
b10101101101101001011111001000110 6
b11011101100011101001110001110000 7
b10110001011110000001100101001111 8
b10010110001001010001010011111010 9
b111000011001110011111001000 :
b10101001110011011001011010011010 ;
b11010110010110000001100100001110 <
b101001000111001111011110110111 =
1$
#2040000
0$
#2045000
b11011010001110110100010011110001 +
b1100000011001000101010111110100 ,
b1101001101110011100000000101110 ?
b111101 >
b10110011100011000000100000001101 6
b10101101101101001011111001000110 7
b11011101100011101001110001110000 8
b10110001011110000001100101001111 9
b10100110010100000111111 :
b111000011001110011111001000 ;
b10101001110011011001011010011010 <
b11010110010110000001100100001110 =
1$
#2050000
0$
#2055000
b10100011100000100100000011110100 +
b10010001111100010001110000111100 ,
b11000110001100100110101101000 ?
b111110 >
b111010100111111001101011100101 6
b10110011100011000000100000001101 7
b10101101101101001011111001000110 8
b11011101100011101001110001110000 9
b10001110111000110111101000011 :
b10100110010100000111111 ;
b111000011001110011111001000 <
b10101001110011011001011010011010 =
1$
#2060000
0$
#2065000
b1011101010010001101010000101000 +
b1101110001100110010011000 ,
b10110111100011111110010101001 ?
b111111 >
b110101011100110101110100110000 6
b111010100111111001101011100101 7
b10110011100011000000100000001101 8
b10101101101101001011111001000110 9
b1101111011111111011100010101100 :
b10001110111000110111101000011 ;
b10100110010100000111111 <
b111000011001110011111001000 =
1$
#2070000
0$
#2075000
b0 +
b0 ,
b10000101011100011111011110010101 ?
b1000000 >
b1011111000000011010000011000000 6
b110101011100110101110100110000 7
b111010100111111001101011100101 8
b10110011100011000000100000001101 9
b10101111011011011000101011011110 :
b1101111011111111011100010101100 ;
b10001110111000110111101000011 <
b10100110010100000111111 =
1$
#2080000
0$
#2085000
b1111110101000110011010011110 ?
b1000001 >
1!
b1011100001100111111010101011000 5
b110001011000000100100011101110 4
b1010100001010010000100111000 3
b11110111101110101011101 2
b1011000110110111111110101000111 1
b1110111000011101000111001010111 0
b11110000110110110000101110110101 /
b1100100100001011100001110010011111110000110110110000101110110101011101110000111010001110010101110101100011011011111111010100011100000000011110111101110101011101000010101000010100100001001110000011000101100000010010001110111001011100001100111111010101011000 "
b1100100100001011100001110010011111110000110110110000101110110101011101110000111010001110010101110101100011011011111111010100011100000000011110111101110101011101000010101000010100100001001110000011000101100000010010001110111001011100001100111111010101011000 -
b11001001000010111000011100100111 .
1$
#2090000
0$
#2095000
b10110010100011110000111111010000100011110000010110111001010111111000010101010110111000111010011110001001110100100110111010101011111111111101101100011111100101000110010011110111101010000011011010011001101110010011101000001100011110100101001010000010011011 %
b1010111110100111101110010110100101011101101100111110100000101001101010100000011000011110011000010000001000000011011101100011100010010001101110101101101011111110101111111010111000001111001000110111101000100111010010001111100001010000010100101001101011010100001001011110101010011100101001111101001111011000101101101010101101111011000101100110100111011100100101010101001111100010000011011110010010111010000000001111111011000000110010110110011111001000111011010011101000011101000100001011001010100001100101011101000 #
b1010111110100111101110010110100101011101101100111110100000101001101010100000011000011110011000010000001000000011011101100011100010010001101110101101101011111110101111111010111000001111001000110111101000100111010010001111100001010000010100101001101011010100001001011110101010011100101001111101001111011000101101101010101101111011000101100110100111011100100101010101001111100010000011011110010010111010000000001111111011000000110010110110011111001000111011010011101000011101000100001011001010100001100101011101000 *
1$
#2100000
b1011011111000001100110100011001 5
b11111100000111101100110101011 4
b10011011000001010110100010001100 3
b1010001000011100101001001111111 2
b10100101010011111111010100111010 1
b111100011011101111001101110010 0
b10111011011001111010111010000101 /
b110101000001001111001100110011110111011011001111010111010000101001111000110111011110011011100101010010101001111111101010011101001010001000011100101001001111111100110110000010101101000100011000001111110000011110110011010101101011011111000001100110100011001 "
b110101000001001111001100110011110111011011001111010111010000101001111000110111011110011011100101010010101001111111101010011101001010001000011100101001001111111100110110000010101101000100011000001111110000011110110011010101101011011111000001100110100011001 -
b1101010000010011110011001100111 .
0!
0&
0$
#2105000
1$
#2110000
1&
0$
#2115000
1$
#2120000
1'
0$
#2125000
b1010111110100111101110010110100 ?
b1001011010010111100101000011100 ,
b1000100100001001101011100101 +
b1011011111000001100110100011001 =
b11111100000111101100110101011 <
b10011011000001010110100010001100 ;
b1010001000011100101001001111111 :
b10100101010011111111010100111010 9
b111100011011101111001101110010 8
b10111011011001111010111010000101 7
b1101010000010011110011001100111 6
b0 >
1$
#2130000
0'
0$
#2135000
b10001000101101110110100011110001 +
b10010111011001110011110000100000 ,
b10101110110110011111010000010100 ?
b1 >
b1010011110111000110010100000001 6
b1101010000010011110011001100111 7
b10111011011001111010111010000101 8
b111100011011101111001101110010 9
b11110000100110111011111101010110 :
b1010001000011100101001001111111 ;
b10011011000001010110100010001100 <
b11111100000111101100110101011 =
1$
#2140000
0$
#2145000
b1111100001101111101001000110010 +
b1001000011001101101111000011100 ,
b11010101000000110000111100110000 ?
b10 >
b100000000111101010010100010001 6
b1010011110111000110010100000001 7
b1101010000010011110011001100111 8
b10111011011001111010111010000101 9
b11010011110101100010111110010010 :
b11110000100110111011111101010110 ;
b1010001000011100101001001111111 <
b10011011000001010110100010001100 =
1$
#2150000
0$
#2155000
b10001010001011110101100011110101 +
b10100111000001100011110001111000 ,
b10000001000000011011101100011100 ?
b11 >
b11000100100111101011000001001110 6
b100000000111101010010100010001 7
b1010011110111000110010100000001 8
b1101010000010011110011001100111 9
b11110011101000110010100001 :
b11010011110101100010111110010010 ;
b11110000100110111011111101010110 <
b1010001000011100101001001111111 =
1$
#2160000
0$
#2165000
b1010001100100000000110110000000 +
b11100110010011010000100110111000 ,
b1001000110111010110110101111111 ?
b100 >
b110001001101011001010101101101 6
b11000100100111101011000001001110 7
b100000000111101010010100010001 8
b1010011110111000110010100000001 9
b10001000100000010001011011111 :
b11110011101000110010100001 ;
b11010011110101100010111110010010 <
b11110000100110111011111101010110 =
1$
#2170000
0$
#2175000
b11110110000001111011000101100101 +
b11000110110111011010011110110111 ,
b1011111110101110000011110010001 ?
b101 >
b110111110111010001011100111000 6
b110001001101011001010101101101 7
b11000100100111101011000001001110 8
b100000000111101010010100010001 9
b111010001010010110111010111001 :
b10001000100000010001011011111 ;
b11110011101000110010100001 <
b11010011110101100010111110010010 =
1$
#2180000
0$
#2185000
b10101000101011011101100011011010 +
b1001010111010110110110100101001 ,
b10111101000100111010010001111100 ?
b110 >
b10111100111001010101100100011100 6
b110111110111010001011100111000 7
b110001001101011001010101101101 8
b11000100100111101011000001001110 9
b11100110111111000100110011001000 :
b111010001010010110111010111001 ;
b10001000100000010001011011111 <
b11110011101000110010100001 =
1$
#2190000
0$
#2195000
b1100001101111110001100110011100 +
b11010010110100001010000010010111 ,
b101000001010010100110101101010 ?
b111 >
b11110011100110010100011000000011 6
b10111100111001010101100100011100 7
b110111110111010001011100111000 8
b110001001101011001010101101101 9
b1111100010100001110101110111 :
b11100110111111000100110011001000 ;
b111010001010010110111010111001 <
b10001000100000010001011011111 =
1$
#2200000
0$
#2205000
b11010110110111111110000000110110 +
b11011111101011000101111010001100 ,
b10010111101010100111001010011 ?
b1000 >
b110100100011111011101000110011 6
b11110011100110010100011000000011 7
b10111100111001010101100100011100 8
b110111110111010001011100111000 9
b100000001100011011000000100 :
b1111100010100001110101110111 ;
b11100110111111000100110011001000 <
b111010001010010110111010111001 =
1$
#2210000
0$
#2215000
b100001110110101110111100001110 +
b1011011110101000111011001000111 ,
b11101001111011000101101101010101 ?
b1001 >
b10110110100011000011111011000010 6
b110100100011111011101000110011 7
b11110011100110010100011000000011 8
b10111100111001010101100100011100 9
b10111100010010111010111000100 :
b100000001100011011000000100 ;
b1111100010100001110101110111 <
b11100110111111000100110011001000 =
1$
#2220000
0$
#2225000
b11111100111001001010000000101011 +
b1000010101111001000111011101111 ,
b10111101100010110011010011101110 ?
b1010 >
b1111101101011110110010101010101 6
b10110110100011000011111011000010 7
b110100100011111011101000110011 8
b11110011100110010100011000000011 9
b11000101110011100111101100011 :
b10111100010010111010111000100 ;
b100000001100011011000000100 <
b1111100010100001110101110111 =
1$
#2230000
0$
#2235000
b10110011001100110000110110000011 +
b110001110011000110111100100101 ,
b1001010101010011111000100000110 ?
b1011 >
b111111101000010010111100011010 6
b1111101101011110110010101010101 7
b10110110100011000011111011000010 8
b110100100011111011101000110011 9
b110110010101011101010011110010 :
b11000101110011100111101100011 ;
b10111100010010111010111000100 <
b100000001100011011000000100 =
1$
#2240000
0$
#2245000
b10011111001110011100100001011010 +
b100000000110111011000100111101 ,
b11110010010111010000000001111111 ?
b1100 >
b11100100111111110111110010101000 6
b111111101000010010111100011010 7
b1111101101011110110010101010101 8
b10110110100011000011111011000010 9
b1100110010111000010100101011000 :
b110110010101011101010011110010 ;
b11000101110011100111101100011 <
b10111100010010111010111000100 =
1$
#2250000
0$
#2255000
b110110100001000111011111001101 +
b10110011101010100010001101000110 ,
b1100000011001011011001111100100 ?
b1101 >
b10111111010101010111100110010111 6
b11100100111111110111110010101000 7
b111111101000010010111100011010 8
b1111101101011110110010101010101 9
b11010110101001111110111111111111 :
b1100110010111000010100101011000 ;
b110110010101011101010011110010 <
b11000101110011100111101100011 =
1$
#2260000
0$
#2265000
b10000110111110000011000110101011 +
b1110010001110111001010010000111 ,
b1110110100111010000111010001000 ?
b1110 >
b11101010001011101001101100010011 6
b10111111010101010111100110010111 7
b11100100111111110111110010101000 8
b111111101000010010111100011010 9
b110001010110011000100010011011 :
b11010110101001111110111111111111 ;
b1100110010111000010100101011000 <
b110110010101011101010011110010 =
1$
#2270000
0$
#2275000
b111011111110111100111100001001 +
b10101010101010010101011100001 ,
b1011001010100001100101011101000 ?
b1111 >
b11111001001100111100011000110010 6
b11101010001011101001101100010011 7
b10111111010101010111100110010111 8
b11100100111111110111110010101000 9
b10110001110111001100001110100001 :
b110001010110011000100010011011 ;
b11010110101001111110111111111111 <
b1100110010111000010100101011000 =
1$
#2280000
0$
#2285000
b10010000100111111100011101010 +
b10010111100110011010000001101 ,
b10101001110011000111000111000011 ?
b10000 >
b1010001010100001111100111101010 6
b11111001001100111100011000110010 7
b11101010001011101001101100010011 8
b10111111010101010111100110010111 9
b11111010010101001010011110001001 :
b10110001110111001100001110100001 ;
b110001010110011000100010011011 <
b11010110101001111110111111111111 =
1$
#2290000
0$
#2295000
b100011010111110010110010000010 +
b10111001110111010110000011010110 ,
b10100001011010101110111101101010 ?
b10001 >
b100101000001110010110011110111 6
b1010001010100001111100111101010 7
b11111001001100111100011000110010 8
b11101010001011101001101100010011 9
b11010010010010001010110110100100 :
b11111010010101001010011110001001 ;
b10110001110111001100001110100001 <
b110001010110011000100010011011 =
1$
#2300000
0$
#2305000
b100110100010101011111000000 +
b10011000110110100101000010010111 ,
b11110100001011110011101001110 ?
b10010 >
b11011101001111001000110101011000 6
b100101000001110010110011110111 7
b1010001010100001111100111101010 8
b11111001001100111100011000110010 9
b10100100000010111111101111101001 :
b11010010010010001010110110100100 ;
b11111010010101001010011110001001 <
b10110001110111001100001110100001 =
1$
#2310000
0$
#2315000
b10101000101001110000010110010101 +
b100001110000100000000110010010 ,
b1001010101001001101111100000000 ?
b10011 >
b10011101101010111010100001010111 6
b11011101001111001000110101011000 7
b100101000001110010110011110111 8
b1010001010100001111100111101010 9
b10010010000011100001011011001001 :
b10100100000010111111101111101001 ;
b11010010010010001010110110100100 <
b11111010010101001010011110001001 =
1$
#2320000
0$
#2325000
b1001100111000100001101011111111 +
b10001110101010100010110010111101 ,
b11100001001011011010100001010110 ?
b10100 >
b11001010011010010000011100100111 6
b10011101101010111010100001010111 7
b11011101001111001000110101011000 8
b100101000001110010110011110111 9
b1110011000100101111101101111100 :
b10010010000011100001011011001001 ;
b10100100000010111111101111101001 <
b11010010010010001010110110100100 =
1$
#2330000
0$
#2335000
b10101110001000100011000011010 +
b110001010000010110000011110001 ,
b11010010101011100001011111001101 ?
b10101 >
b11011011100011000100011110111100 6
b11001010011010010000011100100111 7
b10011101101010111010100001010111 8
b11011101001111001000110101011000 9
b10110011101100010101100110110100 :
b1110011000100101111101101111100 ;
b10010010000011100001011011001001 <
b10100100000010111111101111101001 =
1$
#2340000
0$
#2345000
b11001010000101001000010000100010 +
b101111011011110111111011010110 ,
b11111001100011100100100001111010 ?
b10110 >
b1000111000001011010011100001011 6
b11011011100011000100011110111100 7
b11001010011010010000011100100111 8
b10011101101010111010100001010111 9
b1110011111011110111001001001 :
b10110011101100010101100110110100 ;
b1110011000100101111101101111100 <
b10010010000011100001011011001001 =
1$
#2350000
0$
#2355000
b10101001100010011011100110000 +
b10011010111101011001101110101100 ,
b10010011000100010011111110011111 ?
b10111 >
b11111001100001000000001011111000 6
b1000111000001011010011100001011 7
b11011011100011000100011110111100 8
b11001010011010010000011100100111 9
b11001101000110110010011100101101 :
b1110011111011110111001001001 ;
b10110011101100010101100110110100 <
b1110011000100101111101101111100 =
1$
#2360000
0$
#2365000
b10010101010111100101000011001 +
b10010101011110110111100111000100 ,
b1000001101001111010011111001000 ?
b11000 >
b10110000001001101101001011011100 6
b11111001100001000000001011111000 7
b1000111000001011010011100001011 8
b11011011100011000100011110111100 9
b1100101010111101010001011010011 :
b11001101000110110010011100101101 ;
b1110011111011110111001001001 <
b10110011101100010101100110110100 =
1$
#2370000
0$
#2375000
b10100010000100100010101001001001 +
b11110011101100111110100000111 ,
b11001000011111010010000111011110 ?
b11001 >
b10101000001001110100001111011101 6
b10110000001001101101001011011100 7
b11111001100001000000001011111000 8
b1000111000001011010011100001011 9
b1110001000001111100000110000000 :
b1100101010111101010001011010011 ;
b11001101000110110010011100101101 <
b1110011111011110111001001001 =
1$
#2380000
0$
#2385000
b11001000011000000011001001101111 +
b11111100101011110111110001000000 ,
b10101000101111110101010001100100 ?
b11010 >
b11000000100010001010011101010000 6
b10101000001001110100001111011101 7
b10110000001001101101001011011100 8
b11111001100001000000001011111000 9
b1100101011111000010010000010010 :
b1110001000001111100000110000000 ;
b1100101010111101010001011010011 <
b11001101000110110010011100101101 =
1$
#2390000
0$
#2395000
b1111010100101110010010010011111 +
b10101001110101011000000101111111 ,
b10011011110010001001101101 ?
b11011 >
b11000101000011111010111010101111 6
b11000000100010001010011101010000 7
b10101000001001110100001111011101 8
b10110000001001101101001011011100 9
b11110110001100110111111100111000 :
b1100101011111000010010000010010 ;
b1110001000001111100000110000000 <
b1100101010111101010001011010011 =
1$
#2400000
0$
#2405000
b11001111011111110001100010010001 +
b1110010000101001001000011101101 ,
b10101101110101010110101111101011 ?
b11100 >
b100100011011001010011000011110 6
b11000101000011111010111010101111 7
b11000000100010001010011101010000 8
b10101000001001110100001111011101 9
b1011001111111000101010001011011 :
b11110110001100110111111100111000 ;
b1100101011111000010010000010010 <
b1110001000001111100000110000000 =
1$
#2410000
0$
#2415000
b11011010010000101100111000000010 +
b10001001010100011111101110010 ,
b101101000011000011110101111011 ?
b11101 >
b1000001100100111010100101111110 6
b100100011011001010011000011110 7
b11000101000011111010111010101111 8
b11000000100010001010011101010000 9
b11010001110111101010011001010 :
b1011001111111000101010001011011 ;
b11110110001100110111111100111000 <
b1100101011111000010010000010010 =
1$
#2420000
0$
#2425000
b1000110101101110111100100010110 +
b101011011000010010011011100000 ,
b1011011101001101001011001101 ?
b11110 >
b11101011011011010000110101110100 6
b1000001100100111010100101111110 7
b100100011011001010011000011110 8
b11000101000011111010111010101111 9
b11010001101100101110011011000010 :
b11010001110111101010011001010 ;
b1011001111111000101010001011011 <
b11110110001100110111111100111000 =
1$
#2430000
0$
#2435000
b1100100011000111111110001100111 +
b11000000111000110110110010111000 ,
b11000010001011010001111110000000 ?
b11111 >
b1110010000110001001111111110110 6
b11101011011011010000110101110100 7
b1000001100100111010100101111110 8
b100100011011001010011000011110 9
b11110000011100001101010110001111 :
b11010001101100101110011011000010 ;
b11010001110111101010011001010 <
b1011001111111000101010001011011 =
1$
#2440000
0$
#2445000
b11111111010110011001101001011111 +
b10111100011000110000001011111010 ,
b11100000001111001010110111101010 ?
b100000 >
b100101010001110110100100011111 6
b1110010000110001001111111110110 7
b11101011011011010000110101110100 8
b1000001100100111010100101111110 9
b11100101010100000001001011010110 :
b11110000011100001101010110001111 ;
b11010001101100101110011011000010 <
b11010001110111101010011001010 =
1$
#2450000
0$
#2455000
b10101001011101000011100110111011 +
b11011001010001100001100001010011 ,
b1011100011010010110011001101000 ?
b100001 >
b10111011101111001001110101011001 6
b100101010001110110100100011111 7
b1110010000110001001111111110110 8
b11101011011011010000110101110100 9
b11111101111101101010110001111000 :
b11100101010100000001001011010110 ;
b11110000011100001101010110001111 <
b11010001101100101110011011000010 =
1$
#2460000
0$
#2465000
b1111101010100010001010001111010 +
b1000100011011110010000011010000 ,
b100010011001101110110111100100 ?
b100010 >
b10000010101110100101001000001110 6
b10111011101111001001110101011001 7
b100101010001110110100100011111 8
b1110010000110001001111111110110 9
b11000100101100110010010111000111 :
b11111101111101101010110001111000 ;
b11100101010100000001001011010110 <
b11110000011100001101010110001111 =
1$
#2470000
0$
#2475000
b10011110101010110011110110011110 +
b10111100110000101101101001100011 ,
b1110100010110101110000011011100 ?
b100011 >
b11000001110000000011010101001010 6
b10000010101110100101001000001110 7
b10111011101111001001110101011001 8
b100101010001110110100100011111 9
b10110110100001111100000011000110 :
b11000100101100110010010111000111 ;
b11111101111101101010110001111000 <
b11100101010100000001001011010110 =
1$
#2480000
0$
#2485000
b11110010100110110110100000100111 +
b1000110001011100000101011011100 ,
b10111101100000111101110100010010 ?
b100100 >
b1011011011011100001100000000001 6
b11000001110000000011010101001010 7
b10000010101110100101001000001110 8
b10111011101111001001110101011001 9
b11100010000010100100001110000010 :
b10110110100001111100000011000110 ;
b11000100101100110010010111000111 <
b11111101111101101010110001111000 =
1$
#2490000
0$
#2495000
b11001101101011111100011101101011 +
b10011100100001111111011101101101 ,
b10000011011001111111100010110100 ?
b100101 >
b111000110010010111001100000011 6
b1011011011011100001100000000001 7
b11000001110000000011010101001010 8
b10000010101110100101001000001110 9
b1111010101010100000110101 :
b11100010000010100100001110000010 ;
b10110110100001111100000011000110 <
b11000100101100110010010111000111 =
1$
#2500000
0$
#2505000
b10101101001001010001100110100100 +
b101111001100101010010001010000 ,
b10110011011000111011001011001000 ?
b100110 >
b1101010001101111011111011011000 6
b111000110010010111001100000011 7
b1011011011011100001100000000001 8
b11000001110000000011010101001010 9
b11111010000100100100101111011 :
b1111010101010100000110101 ;
b11100010000010100100001110000010 <
b10110110100001111100000011000110 =
1$
#2510000
0$
#2515000
b11111110100111001001111010000001 +
b10001111101101111001001100010100 ,
b11100111111111111010000110001001 ?
b100111 >
b11011100010101111011110111110100 6
b1101010001101111011111011011000 7
b111000110010010111001100000011 8
b1011011011011100001100000000001 9
b11110000111100101101100110011010 :
b11111010000100100100101111011 ;
b1111010101010100000110101 <
b11100010000010100100001110000010 =
1$
#2520000
0$
#2525000
b10001110010101101110011011010001 +
b1111010110111010110010100000100 ,
b111010000010111001000111001000 ?
b101000 >
b10001110010101000011000110010101 6
b11011100010101111011110111110100 7
b1101010001101111011111011011000 8
b111000110010010111001100000011 9
b11101011001001011010101100010101 :
b11110000111100101101100110011010 ;
b11111010000100100100101111011 <
b1111010101010100000110101 =
1$
#2530000
0$
#2535000
b1011010000111100100100101001000 +
b10010001001101100010010001111010 ,
b11001000011111111111010110101 ?
b101001 >
b1001001101000100101111010101 6
b10001110010101000011000110010101 7
b11011100010101111011110111110100 8
b1101010001101111011111011011000 9
b10110011101001101101100000000111 :
b11101011001001011010101100010101 ;
b11110000111100101101100110011010 <
b11111010000100100100101111011 =
1$
#2540000
0$
#2545000
b10000110010011011010001010011 +
b11101000011001101110100011001111 ,
b11101010110000000100100001110010 ?
b101010 >
b11101011010101000110110111000010 6
b1001001101000100101111010101 7
b10001110010101000011000110010101 8
b11011100010101111011110111110100 9
b11111011011011011110001101010010 :
b10110011101001101101100000000111 ;
b11101011001001011010101100010101 <
b11110000111100101101100110011010 =
1$
#2550000
0$
#2555000
b1111110011000111011001011101010 +
b10000110100100010101110001100010 ,
b1011000100110010101100010110111 ?
b101011 >
b11111001001100001001110100100010 6
b11101011010101000110110111000010 7
b1001001101000100101111010101 8
b10001110010101000011000110010101 9
b11000100101111101010011011000011 :
b11111011011011011110001101010010 ;
b10110011101001101101100000000111 <
b11101011001001011010101100010101 =
1$
#2560000
0$
#2565000
b10011000110101000110000110101010 +
b11100000010011101110100101001110 ,
b1011010111100000101000101011111 ?
b101100 >
b100111101010000111101001100 6
b11111001001100001001110100100010 7
b11101011010101000110110111000010 8
b1001001101000100101111010101 9
b10100111001011000110111110111 :
b11000100101111101010011011000011 ;
b11111011011011011110001101010010 <
b10110011101001101101100000000111 =
1$
#2570000
0$
#2575000
b111101110100100000100110101000 +
b11011000100111001010000100001100 ,
b10111100101101000001001101101 ?
b101101 >
b1111001001000110100101011111000 6
b100111101010000111101001100 7
b11111001001100001001110100100010 8
b11101011010101000110110111000010 9
b11101001100000110011010100100011 :
b10100111001011000110111110111 ;
b11000100101111101010011011000011 <
b11111011011011011110001101010010 =
1$
#2580000
0$
#2585000
b11111110111110001101010001111101 +
b11100110011000111011011000010 ,
b1110100001010010011011111001100 ?
b101110 >
b10110011011101010101010110100 6
b1111001001000110100101011111000 7
b100111101010000111101001100 8
b11111001001100001001110100100010 9
b11000011111100010000111011001110 :
b11101001100000110011010100100011 ;
b10100111001011000110111110111 <
b11000100101111101010011011000011 =
1$
#2590000
0$
#2595000
b10100101100011001011101101000110 +
b10010010000101001110000111011111 ,
b1110000011101001101001011001010 ?
b101111 >
b11011110001010100101100111111 6
b10110011011101010101010110100 7
b1111001001000110100101011111000 8
b100111101010000111101001100 9
b10101111111010001001111100100 :
b11000011111100010000111011001110 ;
b11101001100000110011010100100011 <
b10100111001011000110111110111 =
1$
#2600000
0$
#2605000
b111010100110101101100111010000 +
b10100001111101101011110111100100 ,
b111000111111110101010010010110 ?
b110000 >
b110111101000011001110100100101 6
b11011110001010100101100111111 7
b10110011011101010101010110100 8
b1111001001000110100101011111000 9
b10010111000010011111000100101011 :
b10101111111010001001111100100 ;
b11000011111100010000111011001110 <
b11101001100000110011010100100011 =
1$
#2610000
0$
#2615000
b11101100010111011111000101001000 +
b10010010101111000010011001000101 ,
b10110001101110110011001011011000 ?
b110001 >
b11011100100100011001011110110100 6
b110111101000011001110100100101 7
b11011110001010100101100111111 8
b10110011011101010101010110100 9
b11011000110100000100011011100 :
b10010111000010011111000100101011 ;
b10101111111010001001111100100 <
b11000011111100010000111011001110 =
1$
#2620000
0$
#2625000
b1011100001001110000001110100 +
b10010011011101111011111111110011 ,
b11001010001011010010000000011100 ?
b110010 >
b1111111000110100001011110001101 6
b11011100100100011001011110110100 7
b110111101000011001110100100101 8
b11011110001010100101100111111 9
b10101001001010101101000011111001 :
b11011000110100000100011011100 ;
b10010111000010011111000100101011 <
b10101111111010001001111100100 =
1$
#2630000
0$
#2635000
b11110100100110101101100100101100 +
b1001011010001110101111110001111 ,
b10010011111101100010010111011001 ?
b110011 >
b10011110111111001010000001100111 6
b1111111000110100001011110001101 7
b11011100100100011001011110110100 8
b110111101000011001110100100101 9
b10101111001111010000101100110010 :
b10101001001010101101000011111001 ;
b11011000110100000100011011100 <
b10010111000010011111000100101011 =
1$
#2640000
0$
#2645000
b11000010101111011100111001101111 +
b11000000111001101010100110001100 ,
b10010000101000001110011011011000 ?
b110100 >
b111111111000100011100010111011 6
b10011110111111001010000001100111 7
b1111111000110100001011110001101 8
b11011100100100011001011110110100 9
b10000010111010001111110010110100 :
b10101111001111010000101100110010 ;
b10101001001010101101000011111001 <
b11011000110100000100011011100 =
1$
#2650000
0$
#2655000
b1101110110011110001111111001110 +
b1101010011101001000100000101000 ,
b111001101111001101010001110000 ?
b110101 >
b10000011101001000111011111111011 6
b111111111000100011100010111011 7
b10011110111111001010000001100111 8
b1111111000110100001011110001101 9
b10011101011110000100000101000000 :
b10000010111010001111110010110100 ;
b10101111001111010000101100110010 <
b10101001001010101101000011111001 =
1$
#2660000
0$
#2665000
b100011010111000011000010000000 +
b11110111010101010111001001110110 ,
b1111010101111100110101010011100 ?
b110110 >
b11011001010000111010011111110110 6
b10000011101001000111011111111011 7
b111111111000100011100010111011 8
b10011110111111001010000001100111 9
b11101001100011101001111110110101 :
b10011101011110000100000101000000 ;
b10000010111010001111110010110100 <
b10101111001111010000101100110010 =
1$
#2670000
0$
#2675000
b11110011001110010000110101010000 +
b11111110001000111000001110010001 ,
b10000100111111101101011010010011 ?
b110111 >
b11010101100011010001011110110 6
b11011001010000111010011111110110 7
b10000011101001000111011111111011 8
b111111111000100011100010111011 9
b10010110010100100001001011011101 :
b11101001100011101001111110110101 ;
b10011101011110000100000101000000 <
b10000010111010001111110010110100 =
1$
#2680000
0$
#2685000
b1100010011011001100110000001111 +
b11111101111000101000100011110 ,
b1111010100010001000100010011010 ?
b111000 >
b11110001010111001001000011100001 6
b11010101100011010001011110110 7
b11011001010000111010011111110110 8
b10000011101001000111011111111011 9
b111110000001011011110001001100 :
b10010110010100100001001011011101 ;
b11101001100011101001111110110101 <
b10011101011110000100000101000000 =
1$
#2690000
0$
#2695000
b10111111110011000111000011110000 +
b1101101011001110000100110000 ,
b1111111100010001101111101010100 ?
b111001 >
b10000010001010010001110100101101 6
b11110001010111001001000011100001 7
b11010101100011010001011110110 8
b11011001010000111010011111110110 9
b10100011011000001100100100011001 :
b111110000001011011110001001100 ;
b10010110010100100001001011011101 <
b11101001100011101001111110110101 =
1$
#2700000
0$
#2705000
b1000100010011100110010011000 +
b10100100000010101110010110000010 ,
b111100001110000111000000011 ?
b111010 >
b11001101011110010101001000100000 6
b10000010001010010001110100101101 7
b11110001010111001001000011100001 8
b11010101100011010001011110110 9
b11100110111100001000100100100110 :
b10100011011000001100100100011001 ;
b111110000001011011110001001100 <
b10010110010100100001001011011101 =
1$
#2710000
0$
#2715000
b11110101011100010011010010111001 +
b100101101111000110111100101010 ,
b11111111010101011100110111000110 ?
b111011 >
b10101100100101001011001000011010 6
b11001101011110010101001000100000 7
b10000010001010010001110100101101 8
b11110001010111001001000011100001 9
b10111110101111001000100001111000 :
b11100110111100001000100100100110 ;
b10100011011000001100100100011001 <
b111110000001011011110001001100 =
1$
#2720000
0$
#2725000
b11111100100110011111000000011011 +
b1000000100010101011011001010101 ,
b1110011101100111110000101101011 ?
b111100 >
b11011001011011010001111100011 6
b10101100100101001011001000011010 7
b11001101011110010101001000100000 8
b10000010001010010001110100101101 9
b10111000110010000000000001011 :
b10111110101111001000100001111000 ;
b11100110111100001000100100100110 <
b10100011011000001100100100011001 =
1$
#2730000
0$
#2735000
b11101011011101011010001010111111 +
b10111001011100010010001010111000 ,
b11001101010101111100101111011000 ?
b111101 >
b111101001001001010011001110000 6
b11011001011011010001111100011 7
b10101100100101001011001000011010 8
b11001101011110010101001000100000 9
b11000010101100111101001110000010 :
b10111000110010000000000001011 ;
b10111110101111001000100001111000 <
b11100110111100001000100100100110 =
1$
#2740000
0$
#2745000
b10010110101101011111000001101011 +
b11010001101000111100111101100111 ,
b110100000010010011100110010111 ?
b111110 >
b10100100111001101100010101110111 6
b111101001001001010011001110000 7
b11011001011011010001111100011 8
b10101100100101001011001000011010 9
b10000110111010100111010011011000 :
b11000010101100111101001110000010 ;
b10111000110010000000000001011 <
b10111110101111001000100001111000 =
1$
#2750000
0$
#2755000
b101110110111110000110000001010 +
b10010011101110101101000110000011 ,
b101111011010010000001011011 ?
b111111 >
b1101000010110011011111111010010 6
b10100100111001101100010101110111 7
b111101001001001010011001110000 8
b11011001011011010001111100011 9
b1111110001110001000000110000001 :
b10000110111010100111010011011000 ;
b11000010101100111101001110000010 <
b10111000110010000000000001011 =
1$
#2760000
0$
#2765000
b0 +
b0 ,
b11100000010111101110111100000101 ?
b1000000 >
b11000010100110011101110110001101 6
b1101000010110011011111111010010 7
b10100100111001101100010101110111 8
b111101001001001010011001110000 9
b10101110111010000111010101100110 :
b1111110001110001000000110000001 ;
b10000110111010100111010011011000 <
b11000010101100111101001110000010 =
1$
#2770000
0$
#2775000
b1010110010000001010011010100110 ?
b1000001 >
1!
b11110100101001010000010011011 5
b10100110011011100100111010000011 4
b11001001111011110101000001101 3
b11111111111101101100011111100101 2
b11100010011101001001101110101010 1
b11100001010101011011100011101001 0
b100011110000010110111001010111 /
b10110010100011110000111111010000100011110000010110111001010111111000010101010110111000111010011110001001110100100110111010101011111111111101101100011111100101000110010011110111101010000011011010011001101110010011101000001100011110100101001010000010011011 "
b10110010100011110000111111010000100011110000010110111001010111111000010101010110111000111010011110001001110100100110111010101011111111111101101100011111100101000110010011110111101010000011011010011001101110010011101000001100011110100101001010000010011011 -
b101100101000111100001111110100 .
1$
#2780000
0$
#2785000
b111010110100111101011011011001010000010100000111001100011101010100001011110101011000110010000100010010000010111010011111001100001000100111000001010111110011101100001101111010010000101100001011110010110000000000111100100000100010111000010101110111001110101 %
b1001011010010100011110111011000110101100101100000000100110010110100101101001011110100101100110101101111110001100111010011011100110001111010111100101011010001001100000100101111000010010111011110011000111001001101001010000010100100110001100000110101011101001100101101001011111111011010000010001011000100111111011010001111011000111111110000000011100100100010110001001010110010010001110100110011110010010000001100011001111110100011100001010101010110111100011011101010111100111111011001111001110001111111001110001001 #
b1001011010010100011110111011000110101100101100000000100110010110100101101001011110100101100110101101111110001100111010011011100110001111010111100101011010001001100000100101111000010010111011110011000111001001101001010000010100100110001100000110101011101001100101101001011111111011010000010001011000100111111011010001111011000111111110000000011100100100010110001001010110010010001110100110011110010010000001100011001111110100011100001010101010110111100011011101010111100111111011001111001110001111111001110001001 *
1$
#2790000
b1011011111000001100110100011001 5
b11111100000111101100110101011 4
b10011011000001010110100010001100 3
b1010001000011100101001001111111 2
b10100101010011111111010100111010 1
b111100011011101111001101110010 0
b10111011011001111010111010000101 /
b110101000001001111001100110011110111011011001111010111010000101001111000110111011110011011100101010010101001111111101010011101001010001000011100101001001111111100110110000010101101000100011000001111110000011110110011010101101011011111000001100110100011001 "
b110101000001001111001100110011110111011011001111010111010000101001111000110111011110011011100101010010101001111111101010011101001010001000011100101001001111111100110110000010101101000100011000001111110000011110110011010101101011011111000001100110100011001 -
b1101010000010011110011001100111 .
0!
0&
0$
#2795000
1$
#2800000
1&
0$
#2805000
1$
#2810000
1'
0$
#2815000
b1001011010010100011110111011000 ?
b111110110000100010101101000000 ,
b1000100100001001101011100101 +
b1011011111000001100110100011001 =
b11111100000111101100110101011 <
b10011011000001010110100010001100 ;
b1010001000011100101001001111111 :
b10100101010011111111010100111010 9
b111100011011101111001101110010 8
b10111011011001111010111010000101 7
b1101010000010011110011001100111 6
b0 >
1$
#2820000
0'
0$
#2825000
b10010111001010100000010000100111 +
b10101111111101110110001110111100 ,
b11010110010110000000010011001011 ?
b1 >
b1000111010100101100011000100101 6
b1101010000010011110011001100111 7
b10111011011001111010111010000101 8
b111100011011101111001101110010 9
b11100100000100100010000001111010 :
b1010001000011100101001001111111 ;
b10011011000001010110100010001100 <
b11111100000111101100110101011 =
1$
#2830000
0$
#2835000
b10110010010011111101010001010110 +
b11111110011000111011101010000011 ,
b1001011010010111101001011001101 ?
b10 >
b1000111001000010110011111100011 6
b1000111010100101100011000100101 7
b1101010000010011110011001100111 8
b10111011011001111010111010000101 9
b11101100011001100101011100101110 :
b11100100000100100010000001111010 ;
b1010001000011100101001001111111 <
b10011011000001010110100010001100 =
1$
#2840000
0$
#2845000
b11100000011011100011111001001 +
b1111101001000010111010100001111 ,
b1101111110001100111010011011100 ?
b11 >
b10110000101100111000111011011001 6
b1000111001000010110011111100011 7
b1000111010100101100011000100101 8
b1101010000010011110011001100111 9
b10111001110010110110100100001000 :
b11101100011001100101011100101110 ;
b11100100000100100010000001111010 <
b1010001000011100101001001111111 =
1$
#2850000
0$
#2855000
b1101100111111001001100000100 +
b10101111010101010100111010010110 ,
b11000111101011110010101101000100 ?
b100 >
b10011001001011110011110011011000 6
b10110000101100111000111011011001 7
b1000111001000010110011111100011 8
b1000111010100101100011000100101 9
b11100111001010110101101101110110 :
b10111001110010110110100100001000 ;
b11101100011001100101011100101110 <
b11100100000100100010000001111010 =
1$
#2860000
0$
#2865000
b101001001001100110001000001010 +
b100011101000000001010001110011 ,
b11000001001011110000100101110111 ?
b101 >
b10111100111101001110000110011010 6
b10011001001011110011110011011000 7
b10110000101100111000111011011001 8
b1000111001000010110011111100011 9
b11110110101010000001010010111011 :
b11100111001010110101101101110110 ;
b10111001110010110110100100001000 <
b11101100011001100101011100101110 =
1$
#2870000
0$
#2875000
b10010101111010001000001101110111 +
b10000000011100100100110001001011 ,
b10011000111001001101001010000010 ?
b110 >
b1001100110001100111011001111101 6
b10111100111101001110000110011010 7
b10011001001011110011110011011000 8
b10110000101100111000111011011001 9
b1101010110000010111110001010110 :
b11110110101010000001010010111011 ;
b11100111001010110101101101110110 <
b10111001110010110110100100001000 =
1$
#2880000
0$
#2885000
b10101101100011111111000101011001 +
b1110010100110000110111000101101 ,
b10010011000110000011010101110100 ?
b111 >
b10110010110101100111111000010 6
b1001100110001100111011001111101 7
b10111100111101001110000110011010 8
b10011001001011110011110011011000 9
b110001001001011101101100100100 :
b1101010110000010111110001010110 ;
b11110110101010000001010010111011 <
b11100111001010110101101101110110 =
1$
#2890000
0$
#2895000
b11011001100011110110110111101001 +
b10010010010111011000000100100101 ,
b11001011010010111111110110100000 ?
b1000 >
b100000001010000101111110000110 6
b10110010110101100111111000010 7
b1001100110001100111011001111101 8
b10111100111101001110000110011010 9
b1011110001111010101100000101 :
b110001001001011101101100100100 ;
b1101010110000010111110001010110 <
b11110110101010000001010010111011 =
1$
#2900000
0$
#2905000
b1110011100111010010110010010001 +
b1000111101001101000010101001100 ,
b10001011000100111111011010001111 ?
b1001 >
b1101011111011001110111100001110 6
b100000001010000101111110000110 7
b10110010110101100111111000010 8
b1001100110001100111011001111101 9
b1001111010100100110001010111111 :
b1011110001111010101100000101 ;
b110001001001011101101100100100 <
b1101010110000010111110001010110 =
1$
#2910000
0$
#2915000
b11010011000110100000000010101 +
b110010001101011010000110111011 ,
b1100011111111000000001110010010 ?
b1010 >
b10111011010000111011000111011101 6
b1101011111011001110111100001110 7
b100000001010000101111110000110 8
b10110010110101100111111000010 9
b10010100011011001111101111001001 :
b1001111010100100110001010111111 ;
b1011110001111010101100000101 <
b110001001001011101101100100100 =
1$
#2920000
0$
#2925000
b11101001111010111111111101011101 +
b100111000101010101001100011111 ,
b101100010010101100100100011101 ?
b1011 >
b1001100100110001110000111010000 6
b10111011010000111011000111011101 7
b1101011111011001110111100001110 8
b100000001010000101111110000110 9
b1001000100100000111000101111101 :
b10010100011011001111101111001001 ;
b1001111010100100110001010111111 <
b1011110001111010101100000101 =
1$
#2930000
0$
#2935000
b10101011111010110001111010101101 +
b100101100101111000000010011000 ,
b110011110010010000001100011001 ?
b1100 >
b10001000000010101001001111100 6
b1001100100110001110000111010000 7
b10111011010000111011000111011101 8
b1101011111011001110111100001110 9
b1000111001111011011001010100101 :
b1001000100100000111000101111101 ;
b10010100011011001111101111001001 <
b1001111010100100110001010111111 =
1$
#2940000
0$
#2945000
b11010101101101000000111111010111 +
b101001111000010100010011010 ,
b11111010001110000101010101011011 ?
b1101 >
b11010001100000101001111101000101 6
b10001000000010101001001111100 7
b1001100100110001110000111010000 8
b10111011010000111011000111011101 9
b10010001100001000110111110100110 :
b1000111001111011011001010100101 ;
b1001000100100000111000101111101 <
b10010100011011001111101111001001 =
1$
#2950000
0$
#2955000
b1000111010100110011100101101011 +
b11100000011100001010001000110010 ,
b11000110111010101111001111110110 ?
b1110 >
b11011010111100000011100001110001 6
b11010001100000101001111101000101 7
b10001000000010101001001111100 8
b1001100100110001110000111010000 9
b11000000011111111101101001110111 :
b10010001100001000110111110100110 ;
b1000111001111011011001010100101 <
b1001000100100000111000101111101 =
1$
#2960000
0$
#2965000
b1101110001110100101011110111011 +
b11111011000110000100101111110 ,
b1111001110001111111001110001001 ?
b1111 >
b100111110000111101101110011101 6
b11011010111100000011100001110001 7
b11010001100000101001111101000101 8
b10001000000010101001001111100 9
b101101000010011000010000000010 :
b11000000011111111101101001110111 ;
b10010001100001000110111110100110 <
b1000111001111011011001010100101 =
1$
#2970000
0$
#2975000
b10101111000000010100101111001100 +
b10000110010011010011010011101011 ,
b10001010011001110111101010000001 ?
b10000 >
b10001101100111010110000100111001 6
b100111110000111101101110011101 7
b11011010111100000011100001110001 8
b11010001100000101001111101000101 9
b110000011001000101101111111010 :
b101101000010011000010000000010 ;
b11000000011111111101101001110111 <
b10010001100001000110111110100110 =
1$
#2980000
0$
#2985000
b11000101110001001100001001001 +
b110010100011101111101001100010 ,
b10101001010011001010100110110010 ?
b10001 >
b110101010011101000000010110111 6
b10001101100111010110000100111001 7
b100111110000111101101110011101 8
b11011010111100000011100001110001 9
b1010111110011111101010000110000 :
b110000011001000101101111111010 ;
b101101000010011000010000000010 <
b11000000011111111101101001110111 =
1$
#2990000
0$
#2995000
b1100111000100001001010001110110 +
b1101110000010001100010111001 ,
b11110001110110010110001100001110 ?
b10010 >
b1001011010001111001001010101011 6
b110101010011101000000010110111 7
b10001101100111010110000100111001 8
b100111110000111101101110011101 9
b1101011111110011001011010011 :
b1010111110011111101010000110000 ;
b110000011001000101101111111010 <
b101101000010011000010000000010 =
1$
#3000000
0$
#3005000
b1101000010000101111000011000100 +
b1101101001010110000101111111100 ,
b11000001000000000101010101101111 ?
b10011 >
b1110100110100011010110100101111 6
b1001011010001111001001010101011 7
b110101010011101000000010110111 8
b10001101100111010110000100111001 9
b110101100001001111010001010110 :
b1101011111110011001011010011 ;
b1010111110011111101010000110000 <
b110000011001000101101111111010 =
1$
#3010000
0$
#3015000
b10111001111101001001001110110101 +
b1100110100011111111101001011110 ,
b10010101101111001010000010100101 ?
b10100 >
b11010101011011011111110011000000 6
b1110100110100011010110100101111 7
b1001011010001111001001010101011 8
b110101010011101000000010110111 9
b11111010110010000110110100110101 :
b110101100001001111010001010110 ;
b1101011111110011001011010011 <
b1010111110011111101010000110000 =
1$
#3020000
0$
#3025000
b11111010001100001011100100101 +
b10111101011100000111100110110000 ,
b11001010110100100100101111101110 ?
b10101 >
b100000100001001000111000010011 6
b11010101011011011111110011000000 7
b1110100110100011010110100101111 8
b1001011010001111001001010101011 9
b10011011110111100111101100010101 :
b11111010110010000110110100110101 ;
b110101100001001111010001010110 <
b1101011111110011001011010011 =
1$
#3030000
0$
#3035000
b11001001011001111000100 +
b10101011110111101000101101001 ,
b11001101001001111110111101001110 ?
b10110 >
b11011100101101101001000011010101 6
b100000100001001000111000010011 7
b11010101011011011111110011000000 8
b1110100110100011010110100101111 9
b1000101110000000110001011011 :
b10011011110111100111101100010101 ;
b11111010110010000110110100110101 <
b110101100001001111010001010110 =
1$
#3040000
0$
#3045000
b10101010001011111000101101 +
b1010100101100101100011001101111 ,
b110001110011111001001100110011 ?
b10111 >
b10101111000001000010100101101 6
b11011100101101101001000011010101 7
b100000100001001000111000010011 8
b11010101011011011111110011000000 9
b10001010010011010111111010011000 :
b1000101110000000110001011011 ;
b10011011110111100111101100010101 <
b11111010110010000110110100110101 =
1$
#3050000
0$
#3055000
b10110101000110001010111101000011 +
b1111010110011111100010101010110 ,
b1110010111011100101101000010110 ?
b11000 >
b1010111010110111000010010011100 6
b10101111000001000010100101101 7
b11011100101101101001000011010101 8
b100000100001001000111000010011 9
b101010001000001100001100101111 :
b10001010010011010111111010011000 ;
b1000101110000000110001011011 <
b10011011110111100111101100010101 =
1$
#3060000
0$
#3065000
b1100110110010011000101101110111 +
b11111101101010001001100011101100 ,
b11100001001111011100011101100001 ?
b11001 >
b101111111010000111010010011001 6
b1010111010110111000010010011100 7
b10101111000001000010100101101 8
b11011100101101101001000011010101 9
b10011011010101000101001101101001 :
b101010001000001100001100101111 ;
b10001010010011010111111010011000 <
b1000101110000000110001011011 =
1$
#3070000
0$
#3075000
b10011010000100000100101110110001 +
b10011110011101000110111011011110 ,
b10011000111010000010110101100000 ?
b11010 >
b1100100011100100010010001100011 6
b101111111010000111010010011001 7
b1010111010110111000010010011100 8
b10101111000001000010100101101 9
b11011010010111110010100111000001 :
b10011011010101000101001101101001 ;
b101010001000001100001100101111 <
b10001010010011010111111010011000 =
1$
#3080000
0$
#3085000
b110101100100110000101011101111 +
b10011100111100010010111100001100 ,
b10010010010001001110110000100001 ?
b11011 >
b111000100001001011101010001111 6
b1100100011100100010010001100011 7
b101111111010000111010010011001 8
b1010111010110111000010010011100 9
b10110100010101001111010000001011 :
b11011010010111110010100111000001 ;
b10011011010101000101001101101001 <
b101010001000001100001100101111 =
1$
#3090000
0$
#3095000
b10011100000111001010111000000000 +
b11100000110111011011111110111111 ,
b11001111101110110011100011111000 ?
b11100 >
b11010010100001000011100111111011 6
b111000100001001011101010001111 7
b1100100011100100010010001100011 8
b101111111010000111010010011001 9
b11110100010011001011001110101000 :
b10110100010101001111010000001011 ;
b11011010010111110010100111000001 <
b10011011010101000101001101101001 =
1$
#3100000
0$
#3105000
b11010011111101111011101100001110 +
b11101001011101001100000001001111 ,
b11111100101111011110100100011101 ?
b11101 >
b1111100111110100110110110111111 6
b11010010100001000011100111111011 7
b111000100001001011101010001111 8
b1100100011100100010010001100011 9
b10000110001100011010001011000 :
b11110100010011001011001110101000 ;
b10110100010101001111010000001011 <
b11011010010111110010100111000001 =
1$
#3110000
0$
#3115000
b1010001111111110101000000 +
b11101101001011100101010011010000 ,
b11010101001101000100011111110100 ?
b11110 >
b10111101011011000111101101011101 6
b1111100111110100110110110111111 7
b11010010100001000011100111111011 8
b111000100001001011101010001111 9
b1001101111001101110010010110010 :
b10000110001100011010001011000 ;
b11110100010011001011001110101000 <
b10110100010101001111010000001011 =
1$
#3120000
0$
#3125000
b1101110110100010001111110101100 +
b1110000100100101110011001111101 ,
b11010000001111111110001110 ?
b11111 >
b11101110011101100101001000010000 6
b10111101011011000111101101011101 7
b1111100111110100110110110111111 8
b11010010100001000011100111111011 9
b100101101100110000111101011111 :
b1001101111001101110010010110010 ;
b10000110001100011010001011000 <
b11110100010011001011001110101000 =
1$
#3130000
0$
#3135000
b11010101111100111010111111110000 +
b11100111100111010101101000000 ,
b1110000111011101010010101000101 ?
b100000 >
b11011111011001000000011000101001 6
b11101110011101100101001000010000 7
b10111101011011000111101101011101 8
b1111100111110100110110110111111 9
b1000011000101110010000001111000 :
b100101101100110000111101011111 ;
b1001101111001101110010010110010 <
b10000110001100011010001011000 =
1$
#3140000
0$
#3145000
b1110110101110001101010001101101 +
b10110101001110000001001110101000 ,
b11111101100001100000101111011010 ?
b100001 >
b11110010111001110101101100110000 6
b11011111011001000000011000101001 7
b11101110011101100101001000010000 8
b10111101011011000111101101011101 9
b10011001111011100001100011111111 :
b1000011000101110010000001111000 ;
b100101101100110000111101011111 <
b1001101111001101110010010110010 =
1$
#3150000
0$
#3155000
b11000101110110010111101101011110 +
b1000111010000110000100100101 ,
b11011101001011100111011100111001 ?
b100010 >
b101011111100001110100000010101 6
b11110010111001110101101100110000 7
b11011111011001000000011000101001 8
b11101110011101100101001000010000 9
b1110010101001001000111100000101 :
b10011001111011100001100011111111 ;
b1000011000101110010000001111000 <
b100101101100110000111101011111 =
1$
#3160000
0$
#3165000
b11111011101111011110011000100110 +
b11110110010010000001110011001101 ,
b11000111000110100101011110010010 ?
b100011 >
b11001110110000011101110010000011 6
b101011111100001110100000010101 7
b11110010111001110101101100110000 8
b11011111011001000000011000101001 9
b11110111010111101011001100110101 :
b1110010101001001000111100000101 ;
b10011001111011100001100011111111 <
b1000011000101110010000001111000 =
1$
#3170000
0$
#3175000
b11011101110101101010011111010111 +
b100111100111100100000110111100 ,
b11011101111110111000011111001111 ?
b100100 >
b11110010000001100000001011110011 6
b11001110110000011101110010000011 7
b101011111100001110100000010101 8
b11110010111001110101101100110000 9
b11010101101011000010001011110110 :
b11110111010111101011001100110101 ;
b1110010101001001000111100000101 <
b10011001111011100001100011111111 =
1$
#3180000
0$
#3185000
b100100101010000010011001101001 +
b11001111000100101000000111011101 ,
b10000000111111101001001101011011 ?
b100101 >
b101011101001110100110010011 6
b11110010000001100000001011110011 7
b11001110110000011101110010000011 8
b101011111100001110100000010101 9
b11010100001011001110011101100 :
b11010101101011000010001011110110 ;
b11110111010111101011001100110101 <
b1110010101001001000111100000101 =
1$
#3190000
0$
#3195000
b111101011101101010011011101 +
b10011111111110001011110110000 ,
b1000001010001111101110110010 ?
b100110 >
b11110011101110101010100001000110 6
b101011101001110100110010011 7
b11110010000001100000001011110011 8
b11001110110000011101110010000011 9
b11111011000000110110100111110010 :
b11010100001011001110011101100 ;
b11010101101011000010001011110110 <
b11110111010111101011001100110101 =
1$
#3200000
0$
#3205000
b10101000111011100111101010101001 +
b1111110100100110100111001000001 ,
b11110010111000100101001110001001 ?
b100111 >
b11011101011011110110010001101 6
b11110011101110101010100001000110 7
b101011101001110100110010011 8
b11110010000001100000001011110011 9
b11100010110000001111010000110011 :
b11111011000000110110100111110010 ;
b11010100001011001110011101100 <
b11010101101011000010001011110110 =
1$
#3210000
0$
#3215000
b11111101001111001100111101111000 +
b11100110000011000101101100100001 ,
b10000001010111110111000001001100 ?
b101000 >
b100111100000011100100011101010 6
b11011101011011110110010001101 7
b11110011101110101010100001000110 8
b101011101001110100110010011 9
b1110000100110010101000100110100 :
b11100010110000001111010000110011 ;
b11111011000000110110100111110010 <
b11010100001011001110011101100 =
1$
#3220000
0$
#3225000
b101100010000010001111111101011 +
b10000100110110111010000111100010 ,
b11111011011010101011001000011111 ?
b101001 >
b11100011010010010010101010011001 6
b100111100000011100100011101010 7
b11011101011011110110010001101 8
b11110011101110101010100001000110 9
b11101011100000010100010010110100 :
b1110000100110010101000100110100 ;
b11100010110000001111010000110011 <
b11111011000000110110100111110010 =
1$
#3230000
0$
#3235000
b10110100001101110101011100011010 +
b11011101110101001010110111001011 ,
b100000011101100111110100010111 ?
b101010 >
b10110001000111001100000111001101 6
b11100011010010010010101010011001 7
b100111100000011100100011101010 8
b11011101011011110110010001101 9
b1111000100101100100101000101000 :
b11101011100000010100010010110100 ;
b1110000100110010101000100110100 <
b11100010110000001111010000110011 =
1$
#3240000
0$
#3245000
b100110110010000000011111011110 +
b1000010010001100111011010101101 ,
b10100110000010010110111011100100 ?
b101011 >
b10010010000011000000010011100101 6
b10110001000111001100000111001101 7
b11100011010010010010101010011001 8
b100111100000011100100011101010 9
b11111001100000101001101001011000 :
b1111000100101100100101000101000 ;
b11101011100000010100010010110100 <
b1110000100110010101000100110100 =
1$
#3250000
0$
#3255000
b11001000111011110011111101000010 +
b100010000001010100100100101101 ,
b10100000000001001110111111011011 ?
b101100 >
b1101001000011100111111010001011 6
b10010010000011000000010011100101 7
b10110001000111001100000111001101 8
b11100011010010010010101010011001 9
b1101001110010000011111110010111 :
b11111001100000101001101001011000 ;
b1111000100101100100101000101000 <
b11101011100000010100010010110100 =
1$
#3260000
0$
#3265000
b1010101111011111101011100000011 +
b10010011010001000111111010010110 ,
b10000010010111111111111110101001 ?
b101101 >
b11101010111101001000100001101111 6
b1101001000011100111111010001011 7
b10010010000011000000010011100101 8
b10110001000111001100000111001101 9
b101010011100111001111000110 :
b1101001110010000011111110010111 ;
b11111001100000101001101001011000 <
b1111000100101100100101000101000 =
1$
#3270000
0$
#3275000
b11110001000010001001011111101011 +
b10100011000101001110011111010010 ,
b11010101111000100101111110010100 ?
b101110 >
b11101001001101000101010110011001 6
b11101010111101001000100001101111 7
b1101001000011100111111010001011 8
b10010010000011000000010011100101 9
b1000100011000010100000001100011 :
b101010011100111001111000110 ;
b1101001110010000011111110010111 <
b11111001100000101001101001011000 =
1$
#3280000
0$
#3285000
b11010101010010010110011100010001 +
b1011001101001101101111101101 ,
b10110010010011110010110001001110 ?
b101111 >
b10010100000111010111111110111101 6
b11101001001101000101010110011001 7
b11101010111101001000100001101111 8
b1101001000011100111111010001011 9
b110101001000001110110010110111 :
b1000100011000010100000001100011 ;
b101010011100111001111000110 <
b1101001110010000011111110010111 =
1$
#3290000
0$
#3295000
b110111000111111100000010001001 +
b11011011101010101000100010010010 ,
b11111001001001000101001001001011 ?
b110000 >
b11100000011111100100001011111110 6
b10010100000111010111111110111101 7
b11101001001101000101010110011001 8
b11101010111101001000100001101111 9
b1110100010000110101101001111000 :
b110101001000001110110010110111 ;
b1000100011000010100000001100011 <
b101010011100111001111000110 =
1$
#3300000
0$
#3305000
b110101101011001011010000011110 +
b11000111101101110110001100111110 ,
b10000111010100001000101011011000 ?
b110001 >
b10010110010100100100100011011 6
b11100000011111100100001011111110 7
b10010100000111010111111110111101 8
b11101001001101000101010110011001 9
b11000110100111110001000100000001 :
b1110100010000110101101001111000 ;
b110101001000001110110010110111 <
b1000100011000010100000001100011 =
1$
#3310000
0$
#3315000
b110010100011110000001100000 +
b100001111100110000111011010010 ,
b11001111000101001000000001011010 ?
b110010 >
b11111101011001000001011101011100 6
b10010110010100100100100011011 7
b11100000011111100100001011111110 8
b10010100000111010111111110111101 9
b10110000111010111011100011010111 :
b11000110100111110001000100000001 ;
b1110100010000110101101001111000 <
b110101001000001110110010110111 =
1$
#3320000
0$
#3325000
b11000100000010000000001100100 +
b10100010000110101011011111111001 ,
b100001001011010011111101010101 ?
b110011 >
b101000010001001110111100110010 6
b11111101011001000001011101011100 7
b10010110010100100100100011011 8
b11100000011111100100001011111110 9
b10110110000100001000111010001111 :
b10110000111010111011100011010111 ;
b11000110100111110001000100000001 <
b1110100010000110101101001111000 =
1$
#3330000
0$
#3335000
b1111010111011110000101101111100 +
b10110010111100000100010110100010 ,
b110100001110100101001000110010 ?
b110100 >
b10111010100110111011100001011101 6
b101000010001001110111100110010 7
b11111101011001000001011101011100 8
b10010110010100100100100011011 9
b10000010100110001111101011110111 :
b10110110000100001000111010001111 ;
b10110000111010111011100011010111 <
b11000110100111110001000100000001 =
1$
#3340000
0$
#3345000
b10100111101000101011101100101000 +
b10011011011010010011000011010111 ,
b11101011001000110011111101110110 ?
b110101 >
b101101110111110101000100011110 6
b10111010100110111011100001011101 7
b101000010001001110111100110010 8
b11111101011001000001011101011100 9
b11000101101110101000111010111101 :
b10000010100110001111101011110111 ;
b10110110000100001000111010001111 <
b10110000111010111011100011010111 =
1$
#3350000
0$
#3355000
b11001100001100110001100100001011 +
b11111010001000001011010110010100 ,
b10110111001001100110110001111100 ?
b110110 >
b1000011000010111110101111111111 6
b101101110111110101000100011110 7
b10111010100110111011100001011101 8
b101000010001001110111100110010 9
b10011000110011010100100000110011 :
b11000101101110101000111010111101 ;
b10000010100110001111101011110111 <
b10110110000100001000111010001111 =
1$
#3360000
0$
#3365000
b10001101011001000100110111111 +
b10011100111101101010010100100111 ,
b111001101100000111011011001100 ?
b110111 >
b11000110010100111100111010011111 6
b1000011000010111110101111111111 7
b101101110111110101000100011110 8
b10111010100110111011100001011101 9
b100010011001011010010011000110 :
b10011000110011010100100000110011 ;
b11000101101110101000111010111101 <
b10000010100110001111101011110111 =
1$
#3370000
0$
#3375000
b10110001010100001001100011001 +
b10111101111110100000110110000101 ,
b10010000011010000111111000001101 ?
b111000 >
b10101110101000110010111011100110 6
b11000110010100111100111010011111 7
b1000011000010111110101111111111 8
b101101110111110101000100011110 9
b1010111100100100101110110000100 :
b100010011001011010010011000110 ;
b10011000110011010100100000110011 <
b11000101101110101000111010111101 =
1$
#3380000
0$
#3385000
b11100111101000010000000011110100 +
b11000001111000100000110110111011 ,
b10110101001111010001010110110001 ?
b111001 >
b11010100001001000010000010011110 6
b10101110101000110010111011100110 7
b11000110010100111100111010011111 8
b1000011000010111110101111111111 9
b11101011110110010101111010100011 :
b1010111100100100101110110000100 ;
b100010011001011010010011000110 <
b10011000110011010100100000110011 =
1$
#3390000
0$
#3395000
b111111110010100101111111000011 +
b10011101011101001010001111110000 ,
b11111000101110110011001100010101 ?
b111010 >
b10101001100000110000111010101111 6
b11010100001001000010000010011110 7
b10101110101000110010111011100110 8
b11000110010100111100111010011111 9
b100111011011111100110111010 :
b11101011110110010101111010100011 ;
b1010111100100100101110110000100 <
b100010011001011010010011000110 =
1$
#3400000
0$
#3405000
b11110100000001101110100100011111 +
b10010000110010101101110001100010 ,
b10011011001111011110000010110111 ?
b111011 >
b11011101001111110000001110110011 6
b10101001100000110000111010101111 7
b11010100001001000010000010011110 8
b10101110101000110010111011100110 9
b1100011110010000111001010001111 :
b100111011011111100110111010 ;
b11101011110110010101111010100011 <
b1010111100100100101110110000100 =
1$
#3410000
0$
#3415000
b10010111110000010101100110100000 +
b11100111000001100000000010111110 ,
b1000111101000111011110101110100 ?
b111100 >
b10000100110100011100010110000001 6
b11011101001111110000001110110011 7
b10101001100000110000111010101111 8
b11010100001001000010000010011110 9
b111111011011100000101101001000 :
b1100011110010000111001010001111 ;
b100111011011111100110111010 <
b11101011110110010101111010100011 =
1$
#3420000
0$
#3425000
b101101000000101001110011101001 +
b11100011110010011010111100111 ,
b101010111001010001011111011011 ?
b111101 >
b1111110110001110101101001011110 6
b10000100110100011100010110000001 7
b11011101001111110000001110110011 8
b10101001100000110000111010101111 9
b10111011001010100010000101011100 :
b111111011011100000101101001000 ;
b1100011110010000111001010001111 <
b100111011011111100110111010 =
1$
#3430000
0$
#3435000
b10111000011010111101000100011111 +
b1110101100000001100101000110 ,
b11111000110101101111000101101100 ?
b111110 >
b1001001011110111101001011010000 6
b1111110110001110101101001011110 7
b10000100110100011100010110000001 8
b11011101001111110000001110110011 9
b11000101111111000100010010010110 :
b10111011001010100010000101011100 ;
b111111011011100000101101001000 <
b1100011110010000111001010001111 =
1$
#3440000
0$
#3445000
b10011100100111010010111110101110 +
b1101111000000001001011110011101 ,
b1000000110000011000001101010 ?
b111111 >
b11000111000110111110101001100101 6
b1001001011110111101001011010000 7
b1111110110001110101101001011110 8
b10000100110100011100010110000001 9
b11101011111011110001110011111001 :
b11000101111111000100010010010110 ;
b10111011001010100010000101011100 <
b111111011011100000101101001000 =
1$
#3450000
0$
#3455000
b0 +
b0 ,
b11011000010110011101000001100011 ?
b1000000 >
b1011100111011100011101001011 6
b11000111000110111110101001100101 7
b1001001011110111101001011010000 8
b1111110110001110101101001011110 9
b11110011110100100101110100011110 :
b11101011111011110001110011111001 ;
b11000101111111000100010010010110 <
b10111011001010100010000101011100 =
1$
#3460000
0$
#3465000
b101010101100000000101110111110 ?
b1000001 >
1!
b10111000010101110111001110101 5
b11100101100000000001111001000001 4
b10000110111101001000010110000101 3
b1000100111000001010111110011101 2
b100100000101110100111110011000 1
b10000101111010101100011001000010 0
b10000010100000111001100011101010 /
b111010110100111101011011011001010000010100000111001100011101010100001011110101011000110010000100010010000010111010011111001100001000100111000001010111110011101100001101111010010000101100001011110010110000000000111100100000100010111000010101110111001110101 "
b111010110100111101011011011001010000010100000111001100011101010100001011110101011000110010000100010010000010111010011111001100001000100111000001010111110011101100001101111010010000101100001011110010110000000000111100100000100010111000010101110111001110101 -
b1110101101001111010110110110010 .
1$
#3470000
0$
#3475000
1$
